id,pm2_5
id_yorywxet0a,18.445877589866864
id_9rhbkh8kye,18.44597072618131
id_oh2pg7ik9m,18.445932910156163
id_u5xtrnbshq,18.38915828873983
id_pfcdhqpggy,18.38923656248045
id_rsbolu1d8s,18.389130602190217
id_1o41vsdb40,18.47305955574722
id_bthds7exkp,18.47306496200414
id_u2lx4hcr19,18.47293275940346
id_vt2seycroc,18.356571731800454
id_ev3xsimi3e,18.356548749247597
id_8wsnxwqlaw,18.385602059779796
id_jhks2agjzh,18.374562774138194
id_abc042gxa9,18.374411593654717
id_t39ajz3mpo,18.405618641671406
id_7l7bqpd71y,18.405622210577103
id_k9uhbcg8zv,18.40552010528325
id_kf067ifyeu,18.405586500612948
id_6axl9l8y0y,18.405645319947137
id_fknkdrl6fy,18.405660216234594
id_8gmporna5z,18.40568991301132
id_a4bmoty06e,18.405617246485004
id_czo0d13gtz,18.40561859364856
id_co7jt5xego,18.380044858691853
id_2x6lo1wgko,18.379764926602476
id_9wjap2et51,18.33159912147149
id_c7mps6h2ft,18.331595044835556
id_j8yje9gqi8,18.331208218139444
id_vju59tgxzh,18.331207595485807
id_8lap7ve7md,18.331323822368933
id_pvs9bs83s2,18.331313635017473
id_qdivis4t0b,18.331125811589583
id_6ihg5rmjar,18.371042029386793
id_enahmr353n,18.371022940804085
id_m5la6rz5vl,18.371174931761164
id_lyc6fznfhn,18.52409276004352
id_u15ftwfcl7,18.34428704121247
id_mjaugtu77u,18.344351467245666
id_h1bl0y44h5,18.344261560395076
id_ixfnpr6f21,18.507985387265336
id_37e3n0alew,18.50794020194474
id_mj9599i7yu,18.409829291184373
id_aq1df4iqdu,18.438488562310592
id_2e5mcgpio6,18.438546652845876
id_o99bic4pl9,18.43856441080199
id_wee03f0g34,18.43872411699957
id_ebyp7dsb2j,18.40642194559958
id_xrw2te1q07,18.406356306298417
id_e1pr3nswl9,18.406370798692464
id_20jn6yzhpi,18.406384618406282
id_ef9regkoel,18.42256486361164
id_ja9p3oi1ln,18.422242146343017
id_u4t0meqqix,18.422424047694673
id_ha9378tgsl,18.448556579306437
id_sm9fmjwje3,18.420587829717
id_pq1s2kq7qs,18.472508459486207
id_zcw88t7w9n,18.389215879400854
id_9gqyxg4fuy,18.389215946339107
id_jlbv1pe7mw,18.389223914293925
id_nqkrnumlsr,18.389235038054334
id_vwov477zro,18.389126426161884
id_k8t4robso6,18.450629056602004
id_9574e2s4iv,18.450634331334086
id_g6sz61x3ui,18.355579103176243
id_65fdu115yz,18.37427209144358
id_jvvhzyikro,18.37414704660701
id_mjtm49jd0e,18.374152596739325
id_qisen8bs9m,18.374049338360635
id_4qcwh32n38,18.374110264979215
id_a1jgk8addq,18.37410463774293
id_eoh9eceljc,18.37428573072938
id_c9l6rfivhx,18.37431568167826
id_ity62l2ixr,18.374139872013743
id_b1kdt1v6wk,18.374147823918857
id_31slek226d,18.395758997048187
id_r5hynclox4,18.39547813126663
id_1zdag4te8b,18.40768570335824
id_9cji7mh5kx,18.407706045633493
id_pgt8lf7tci,18.407313852626505
id_9xwjmedzm3,18.4073225275353
id_qmng1j2b5t,18.407525201783933
id_lsjhv6dlig,18.407514837866696
id_5ei28dib31,18.407239506452868
id_djt23iw3mp,18.37128134400808
id_m9oojav91p,18.371263410066664
id_oivxgblcp2,18.524092764697357
id_0kdvltw7vu,18.5240680838473
id_6w4ajmwc5u,18.524137870739732
id_urkooowq9s,18.52409447420658
id_zj9z4qj012,18.417205253249367
id_8ziogga8ul,18.43859106643254
id_3p9o92k0y8,18.438640912253728
id_nys5746v2q,18.4387347297443
id_lfeylugwfg,18.438862109969715
id_doohdtcpi0,18.405750927022794
id_gvsxbrs2ay,18.40569252283427
id_tazjayaiyz,18.405728448738405
id_zrpmkxoezw,18.405721053849888
id_sqmq0975df,18.425545540053673
id_6lcd3eygj3,18.42527298253159
id_7rpimassqp,18.42546277693652
id_63ls321ztz,18.411789869819717
id_tkciymn5hs,18.41821552547876
id_kasmldlvq9,18.437830648733136
id_1mrr0piel6,18.389186308802948
id_8dlgnof1yt,18.38915315302464
id_ayhykhxv08,18.389161312209836
id_5veb3455kk,18.389239528181527
id_0gw6p17v8i,18.389130611513803
id_h21k3oibhu,18.474467261081713
id_onax36r19z,18.474472667193997
id_kf6alfal6l,18.474583631600478
id_rgm4q6o0n2,18.341945515290018
id_051ag5i4ha,18.341922577683977
id_03ajztlcgf,18.385402029387055
id_h1gdh0ctos,18.37436271796568
id_wea0tzo38s,18.37441160026668
id_d77c6v7xlq,18.406999430669124
id_o5czlw27eu,18.40700317715654
id_z3b6rgvygb,18.40690090069417
id_iwwln55ll9,18.406958307892033
id_ctyaqjhqq3,18.4070261007217
id_bk5kqdpcvl,18.407041011779437
id_lcaeji5kvm,18.40707070964068
id_4iuroyo095,18.406998042286673
id_hwhg2nzcn7,18.406999388556493
id_zfyyzm0tfl,18.35218436176931
id_aks304uagg,18.35192341497075
id_5muf55bxe7,18.33159913078659
id_or8005ins6,18.33159505415063
id_5p0q5jonr0,18.33120710922073
id_qjskvygs4l,18.331207603496942
id_u5iqw2tz8v,18.331323831684184
id_gckh1uiy17,18.331313644167206
id_8uh4onl5v8,18.331125696058628
id_46wh4sy9gi,18.371041973625804
id_zd5wtd5tmi,18.37102286595432
id_8tax5ieqth,18.37117494145726
id_ouo0ii1gd9,18.52409276935112
id_ofkcbq4gav,18.337702572541236
id_yak2zy4o8d,18.337757969357625
id_lmj3zlydl1,18.337677031159593
id_r5cm1bhxkl,18.50798539728133
id_0zbo52y2xz,18.507938730726508
id_obd90peb73,18.409827823968794
id_yubp5ipspp,18.451900999322795
id_q44cbuudsn,18.451958513536194
id_kav1f2lb2r,18.451970080366678
id_gxbkwk0iez,18.452135967135423
id_ek9x8hre7u,18.405866412614973
id_r871vcfbl4,18.405803825370942
id_35iwrmt1yx,18.405819413266954
id_mgt3ob9nni,18.405832241398464
id_ata3d9u9ij,18.422564872935993
id_389jy0txmq,18.422242527799096
id_oaaxhllgnf,18.42242405701921
id_fpoz5ozfg7,18.432657893777534
id_hygp8jfsb2,18.423048408592397
id_tgmi1f70mf,18.472508468805895
id_8xhlkfw0vd,18.47429361374668
id_n02h09aa2y,18.474272749071137
id_vcfstyofl7,18.38348078447568
id_jjreek4wj9,18.383477251448053
id_x7op0k35jb,18.383503731703296
id_m0rro9r1gv,18.383536565105274
id_9ky9s3jqyp,18.383518387603768
id_ohpg2cpkpk,18.339517004184852
id_s13clcy2o7,18.500472702912727
id_2h4f3oh33x,18.50051022083788
id_lzsgsz7nuf,18.500572882184926
id_gnfl6qhq2v,18.500695248985547
id_izavvighqu,18.40559898732792
id_5mk7jbh470,18.405526541666536
id_y78kz2lj7d,18.438240612213573
id_r0jik026d1,18.43824570120377
id_4l552ar61j,18.43826579448899
id_yog4iw8i1o,18.409946826565747
id_pv5p2rds8o,18.409880256858024
id_1k5akrmzgv,18.46057124165992
id_ks7ucfmf06,18.460509576249546
id_15cuw1it4j,18.46057993202891
id_kfgdu8dkqk,18.460542747798588
id_aa4sqe4emy,18.353427750015314
id_zytuipkh4s,18.487723070789368
id_753xfgjvu9,18.487797128677823
id_lpvtn9w0zv,18.48782116952269
id_7asrrizo0g,18.48777235596347
id_8bwlfohvu1,18.437148136050816
id_1hy6gjm6kl,18.4283793411843
id_lcbe5mxkum,18.388764514639487
id_4fe6r13wal,18.38878768305366
id_ijzj8r2su1,18.388812327535
id_msz2inba0v,18.38882033559711
id_qd11jjsx2b,18.388911465605563
id_b47e89k3ve,18.52151700195952
id_7mb9t9x9tu,18.475734472778694
id_mvbhi84jmq,18.47573968108433
id_3yqqem9nei,18.475846681858695
id_ivvauoj9x9,18.47583185328472
id_3jy613lg44,18.3733080328225
id_m91x6rqccu,18.373666768048015
id_8q076jp0mr,18.373729558038928
id_4zcmj012is,18.373815547981337
id_kpjiqdh6zr,18.373678273764863
id_dfajl055xn,18.37364338271112
id_frm2rh8uv4,18.347654857169818
id_yo72un0uym,18.347684854723056
id_wa7g7cyrfb,18.347490184699865
id_c0600luvkg,18.347519503022472
id_55u72g0c0l,18.347519772886198
id_efc4gex2lq,18.346744097354854
id_cdwfcwcj48,18.346433237353438
id_yc1gty3xqz,18.380855070226872
id_867am351jy,18.380911828084894
id_sf4b9w2jdc,18.38055877538354
id_vsa8h55f8i,18.380567267802807
id_ovpfocbku2,18.38081431442382
id_xbgzqf0szs,18.38080418389584
id_15v5x12fo2,18.38047975059181
id_gxgs0b70cv,18.385150768904282
id_g13m7fp2dp,18.385131680633904
id_cav3ox8jtj,18.46135255580629
id_vhu174dncs,18.517014176986933
id_o6tcsfwljz,18.33043990375355
id_98jqgum8n2,18.330546370176233
id_m9og9r3r2y,18.330345561078314
id_abn9ddpwtj,18.330411084324876
id_4zxljdntpc,18.33037483409131
id_y6howqrmjh,18.467069592299378
id_5ke4foxu8k,18.49400454200488
id_hjqgkm27l3,18.49404847467835
id_f5i3m6wxqj,18.494099389232314
id_j8hsu09w89,18.4942259510093
id_czurwxut83,18.405760714751427
id_prz1am7w85,18.405689391581966
id_8bkmhgqh7f,18.405706321706635
id_yz3ljcsheb,18.405722928673647
id_ss72nbk35w,18.428846801247786
id_gix31lwz9r,18.428632759769233
id_n5jqluy02q,18.42882689555383
id_vsz8smmdv3,18.388921667640812
id_hg0e7skz0t,18.425818505018142
id_esawyovxf1,18.42826509077241
id_snv67pqv74,18.346444648930923
id_9htd0dd4o4,18.34645121984881
id_wvy11x9u8t,18.346480739040256
id_biytotjie2,18.346480808294807
id_xtb5hfw6bd,18.34674410201412
id_65l5hak91b,18.346435541081778
id_16p4qjzi91,18.37638407209922
id_fa6j0h18yu,18.37642948768215
id_0hpi956wos,18.376087786849148
id_6llaal44lz,18.376096165496854
id_bg7586se6s,18.376343311685492
id_dr24ka6xxv,18.37633318125581
id_zova02slaz,18.376024918132902
id_4aa970r08o,18.384441934849317
id_5v2k81ndi3,18.384537515059773
id_w0w2t7llmy,18.461352523386438
id_3v0pkvcpfh,18.504925901828393
id_5jyp9jh31b,18.330465194907404
id_s851gktvnq,18.330572038661163
id_0c31rjprf8,18.33034556573594
id_iclf8934dw,18.330411088982615
id_i0kzmw9707,18.330375566511304
id_mh8gne9yti,18.467070330109653
id_ztrwp444jx,18.500472712226074
id_7pzbvg9uxi,18.500518267129316
id_zyh4qgghaw,18.50056365477104
id_tirnjget2u,18.500695597180524
id_f89ptvm1ms,18.405688250426316
id_s5dy4d934y,18.405615804102844
id_0h4f1xrjyj,18.405632992610894
id_rbat046yjy,18.405649568224906
id_6o66xnm1yu,18.433554717933763
id_lv893wwhs3,18.433340406245577
id_t6381wgsi2,18.433534797835275
id_sgt84ewftt,18.388935111694238
id_hbt3rrighm,18.42583195321396
id_gmsjw4fd0u,18.428265925773992
id_ihxgrbq8bw,18.47306067441044
id_dg6s4fhiwe,18.47312247765941
id_f7hwwtmuzp,18.473113695275252
id_ioese5awdg,18.388668867239545
id_hdw320zpls,18.38874703804214
id_wnxl0jyxdm,18.50081867575978
id_irr46cfvrz,18.47189433326685
id_l3lg8y1tar,18.471899433831936
id_9bzncgu7ap,18.471857242662143
id_tq8gz80e59,18.3477687875629
id_gouch6j71l,18.347745600284178
id_gvg6pup3v5,18.37326726747096
id_xsyh8m7o0c,18.393076393230082
id_hsr9nym75x,18.39295311576912
id_kk2mprzws5,18.416926861398938
id_zztb716ruj,18.416930577788964
id_nc37c47azq,18.416692768586987
id_aq2zwrpazm,18.416745127975208
id_1if5noe1b4,18.4167106590306
id_9ch9qgghhp,18.347610278358026
id_i8ez1ppqtt,18.34764784532678
id_1gzede3sx1,18.34749732690843
id_c0cjjirgpf,18.347530661790895
id_y3cgdjsgq1,18.34751709380353
id_hqfk9eb7i3,18.347222432655084
id_heuv8vkjh4,18.346916880072275
id_fcoot945yi,18.380870746678625
id_h4j7gdpygc,18.380916138807766
id_0z5dftxu4p,18.38056654918303
id_0l3lpe7b09,18.3805751510649
id_q51pjcyt8q,18.38071631695811
id_5y5tak334a,18.380706072441708
id_ffpap9n3bi,18.380539363881958
id_wlrkf9c15k,18.385480836849947
id_i2rh9ih3f4,18.38557654916376
id_uqm3krxam7,18.461341636465622
id_3iwa156mvm,18.522172009412913
id_1lz3s1bdxs,18.347976696544176
id_jmqt01idjp,18.347940431304878
id_8gb7nw0rmx,18.34786122730897
id_4xwo0p10w6,18.347928642366444
id_m5bwlzsq1q,18.34788212769157
id_z4d44hh4z0,18.465077972842664
id_pmh6yxhfva,18.490571802705798
id_35d6qsok4a,18.45474159478818
id_77htjr9yc8,18.454744881373273
id_t8vdruehat,18.45491023122386
id_jckj5zjs3u,18.40672053069489
id_iaz7r7qv9z,18.40665421956886
id_uifln55ls5,18.40666590410259
id_d32frejzqm,18.406770376694098
id_exdub9ncvr,18.425720648370465
id_mxkrqowab2,18.425519382813647
id_y8ho5r6i9n,18.42571037128783
id_fiygo06opn,18.479015266379292
id_o3dfdr4sk8,18.42208946150191
id_akv54mqumg,18.429509279033734
id_ako3197fah,18.50327144649353
id_nprrbmfek0,18.507586026333517
id_bmxffkemr6,18.507591752113022
id_w7doelm7x4,18.441595208356283
id_8z87l1y49i,18.44160032203509
id_ebkjvn720n,18.435372350930102
id_tc14hgelz9,18.454269911723944
id_a574b55rgm,18.526176204371595
id_dz6m95a6g7,18.52613679543133
id_wei7m8hy0n,18.507630969500287
id_hj9g1ena8l,18.507630969500287
id_hxkqt31oj0,18.473502206796713
id_j9xr0ullvp,18.47343251884891
id_dhxexr0nl8,18.47329290193596
id_thyiz3erhs,18.50763819986085
id_vfer04eoj5,18.527781513943538
id_dtjlkdb6na,18.527787118740388
id_wjevf26x7g,18.51808877162146
id_js2e45rmts,18.4821921996351
id_h4sopez1xq,18.51559620965132
id_tli2tt2lre,18.515678736028715
id_nml7r1ihuo,18.51566742959704
id_ny3rzr8dw4,18.394875331296582
id_dgyrdg3c7c,18.394953346307176
id_5xl1ofkel7,18.468080925490533
id_s9z5qdtsok,18.47348977703813
id_wzznck6hr2,18.47349506901
id_2jrs4cf50t,18.473603777573377
id_zr9i8iyl05,18.36178609541246
id_ywr3489vgm,18.36176294931136
id_40yosi6uqe,18.365770159083073
id_hvj85b4s27,18.395987718239788
id_ve7iodkk5x,18.395828670963276
id_prcsjcgmvr,18.41057369946702
id_urporbfca8,18.41057722764406
id_hnh9veqj44,18.410421719738444
id_66ujv86e23,18.410475119008808
id_op00lvkxjn,18.410440124298326
id_0h1a9dhuum,18.341615817152654
id_ng6gkjkewg,18.34160555550576
id_u3q353kzgc,18.341514285057418
id_ykfovbo3gm,18.40390891725263
id_k2wnuw9gop,18.403897390120203
id_n742fvx1ah,18.35368373088452
id_ecz5hhz0iz,18.353463442831213
id_t3tupepv7y,18.428772536516163
id_touyxi6cd9,18.42875879654395
id_fv0z5li929,18.428523577015337
id_1rbmh121yv,18.428522408528828
id_jxivfqw95m,18.428718038402483
id_c99mmbda9h,18.42870796136526
id_amvzqnr8uh,18.428486103462195
id_vd8i2z3hob,18.390384500651084
id_sq6qs6ygpd,18.390366937072557
id_grfpl7lzzm,18.469367848532656
id_rqzxw5tozc,18.498867672280902
id_74zv2ut2b5,18.35766253451549
id_je1zddxbcz,18.357618716525458
id_p1lsa0r1uy,18.357541607486716
id_466f3sjyaa,18.357607023756177
id_6bji5k248v,18.357572041508103
id_xmf644v3gg,18.46783709493437
id_7ww556yt1z,18.508604380256283
id_1kv2mm53gl,18.4785998208205
id_gogfzwk8d6,18.478690664852927
id_4ijyknjpyw,18.478742573257705
id_51yb1ejvyp,18.412793519101317
id_e8kgwianqu,18.412724195412583
id_01xma9jtcq,18.412737628378743
id_b4c2qvjsq9,18.41283127362588
id_kkxio9kyth,18.430742304881583
id_eo46mly8qt,18.430529745586878
id_x6q1xzuux5,18.430730829463208
id_o9paw0x3kv,18.483813691280684
id_rmptreswq4,18.42823971074546
id_t3b2vd5gaq,18.439126236426542
id_ss8ixmpjdu,18.4666517870823
id_8v78f3tzgd,18.42151368097435
id_1mnkwpnpkp,18.421530585536
id_jxl5nffktz,18.4214421883247
id_k4hums63fu,18.421508889484027
id_cb40n09vwf,18.325914809427818
id_ojvdj9l7ir,18.451082615718278
id_8xzd5q9b2n,18.451122484414597
id_a2oil7cfw8,18.3790730447213
id_3eb707sqy9,18.2927931768769
id_fqpoallv5t,18.432069845706835
id_a0lghu0yk4,18.432083102221597
id_2s5h4jyu48,18.415089188965155
id_tfr1w48698,18.41506311467225
id_jw7cwte35h,18.394174071433522
id_4myw2ppn88,18.40248926410058
id_nu2j6ezn8a,18.472938343529645
id_1pi7rar7w0,18.35220105251997
id_lp1eem68uu,18.42023817089054
id_i59r7imuxn,18.420026333595008
id_jfhvjfzvfa,18.4606123530582
id_co08yelk6i,18.413284552508248
id_ozh35h3nct,18.466747481288976
id_cf9woqagxi,18.43966623254355
id_4pbhg788eu,18.43959957569772
id_xqnx58hv20,18.445841148997687
id_g7e6fyre5k,18.468538953586105
id_i5kwutfr3y,18.46856451035301
id_xl68jb742r,18.468498439836328
id_dcvf785h1y,18.438233345023786
id_n38vpdzrl5,18.47551449176627
id_8520840u02,18.475409702868035
id_27mp59yu1m,18.475500542231806
id_053nn3pbfz,18.39574017412336
id_1hkqlxmn2v,18.395740279560023
id_h8b77jfadh,18.41419967621099
id_ohfvgfke8w,18.414186166591488
id_i89aiadf4j,18.39866317710627
id_dczobb4ttq,18.398635547672452
id_xu9ib17loe,18.398647725394042
id_i9njn3noh7,18.412441845484892
id_90v0etup0d,18.35641906299685
id_9p6b0j3eu6,18.356470088452987
id_xbtp6hvq7f,18.396942033908275
id_4p48d96fhm,18.463975364557655
id_34ll84rx9f,18.46404472555037
id_xvk1eas2cj,18.40891145355115
id_u3byzh8on6,18.40878447143219
id_9mmhnd07no,18.44551505548183
id_tf59fmc5uk,18.42995072682042
id_eu8lfqr566,18.433616599056645
id_quspwoer1c,18.355043749588848
id_1udgdtpt4j,18.439631357181845
id_mp1wgahaac,18.414397843711864
id_ah05rwmnc0,18.414284882163006
id_99pzz5yuak,18.41426399155995
id_sts4gl2h3h,18.414302010309115
id_wkw4zd0vo6,18.414559909342607
id_42mzemmqf8,18.427241365722754
id_pfup6tmwcc,18.406535554191244
id_g57cpderdh,18.40643510460636
id_4e0oh24nij,18.45373540747814
id_wcvcujkjfa,18.4332173136298
id_959hw03dsc,18.433090242996045
id_mfcbkrkwil,18.43326111653564
id_it7jxzllrd,18.40536361532653
id_8stz7b6m3b,18.405253696600617
id_6w3q8g9iws,18.441311504438286
id_w0ee2fe65l,18.441198315720282
id_fhgz7wzae3,18.441254711324525
id_w2rchmas4e,18.443524172231797
id_jmo9wtwu8m,18.385675714318374
id_uerluxmuy9,18.336907503729776
id_22yl0qw8q4,18.42594555971324
id_a9oc6x2g72,18.426003213842336
id_qbhgqc4yet,18.384578104189732
id_rn6vcvicw5,18.298286121140833
id_ytcdi9ix3q,18.2981149682659
id_qzfdep9u3c,18.450759779763573
id_33pv489fe5,18.3155659909291
id_u1gjjizqyk,18.315528093222778
id_w4rf4iv383,18.41052003834031
id_3zb1zekfcs,18.41049525888136
id_ertzpococf,18.393117975169794
id_y6ouxkmf0e,18.441713072728522
id_q4dvl9exoc,18.44161688383272
id_imi2dyvmxc,18.440914651644334
id_8flbm45nba,18.35879329600374
id_0d93zxtus4,18.44493778859728
id_xfxo3cb3tu,18.361799455983466
id_h8j2nrpseq,18.361639188597945
id_4gw4m9unp9,18.478107023299195
id_8lqfepep8r,18.42752222907361
id_lbql83v1pa,18.4394379393664
id_18r3kupks1,18.478641037950144
id_bz3fcm9azs,18.445156078272113
id_vxwc5l36hb,18.445148503272407
id_1m3ayw8orl,18.451009507442567
id_n7s22ti3u0,18.450983246114514
id_7ml18gt65i,18.463346549776357
id_pu8pv7gwz2,18.343127360212897
id_ru43es0zjg,18.34314170574849
id_n2y5dyb90j,18.343086665346885
id_v6dywtd3ti,18.443726323809685
id_gpm9b55dkf,18.47890238610375
id_envkemqd97,18.47882253575616
id_rm0pa4kk4k,18.478870409043083
id_s1qxkd8ot0,18.478900522993985
id_bwv1d5pcax,18.480310147406897
id_cvbktrmvyp,18.48024144634248
id_k4zxmef1ve,18.48036181306025
id_61jelkjb5z,18.406694112561077
id_0zwlyfwhg4,18.406698440412555
id_pipj3ap8ak,18.432003105664425
id_84xzjh13pi,18.432020621804515
id_zxct0q3dqx,18.40137959034621
id_5vji53n55u,18.367068367370603
id_7mup88cw2n,18.36708022715175
id_fomq0iryjd,18.36705002022738
id_5mq14kf61k,18.41801968780049
id_6tfrbtojwh,18.330714440404194
id_p1syd1j82p,18.330660490346844
id_2efu8wsf0t,18.330677792157456
id_nf6oaj6hmc,18.400497983893505
id_6szo04nr0p,18.449175758904445
id_k3zqwshvxx,18.470081395137484
id_xb9tzd4tni,18.47016080610936
id_1g1133mxj0,18.472119526268337
id_l51e1wtruw,18.434581619803208
id_qgc87e79ko,18.42305438532791
id_2efd5sv0eu,18.47846441615714
id_93di8172pi,18.478427418046696
id_b8vvdmeitn,18.481150491856706
id_ci6fg1tigr,18.484547546969473
id_c1zgt77fyu,18.43047974610423
id_78t3asrjbf,18.430507879316803
id_6oanpv3bs7,18.430659708118707
id_zdhxor1yx9,18.430678908578574
id_hjug95reos,18.44346017965766
id_q5y6b2vxi5,18.454560141773104
id_lmmep6vt6f,18.476874247077745
id_ur485xrowj,18.48744286763956
id_yh8jpakk4u,18.487385662411608
id_xfom70rd8q,18.377124094549774
id_cx4og6dawq,18.45097224256913
id_bxqjc4lu8q,18.43016712261486
id_dfkdged93h,18.48748911348419
id_wpc07nnnn9,18.487555168560775
id_3w6yxmo14o,18.48770126074636
id_9xhx7zdwqp,18.480502618012558
id_fkcu4ryvmb,18.434848930200086
id_iydvhqnjpg,18.434711047684846
id_xfd5bd6mbb,18.498188741631974
id_pnfc3lxqxw,18.49133655361463
id_2fi5bq6vwj,18.491433976384
id_6viyil1331,18.408675669331906
id_5gwjmv15on,18.408685634845433
id_76bk0rtwtl,18.408676389799062
id_f60ku7tfev,18.340160915500768
id_h191utquex,18.340107800349063
id_wi04z29d3r,18.41574085766874
id_fbntyg7wwr,18.415772269465506
id_v3zrqsqzxo,18.44764414710228
id_bw1b95righ,18.3831817335164
id_zp9ylpq5fk,18.38305392916406
id_t0g20s1n6l,18.383195971596976
id_dktjg2pt79,18.38320437935886
id_mik9bcfz5g,18.433435224793612
id_t7ahyyqmpl,18.433355382816103
id_mu6p2nd1yv,18.400431542256587
id_lff5hw3ol2,18.400437737114036
id_eccaetzkfx,18.497682246500094
id_z5lh6tnhu3,18.420774189900847
id_vg90abt8lg,18.44050314991065
id_b4kmym2z2e,18.321229221451983
id_a4bm9lp96l,18.321137234063592
id_ph0f1whio6,18.392990976954195
id_bn4murbtsb,18.393032939366737
id_mbkfsw8xc9,18.393039489728114
id_e2ybasubxp,18.35893620729095
id_6i3ti67p9g,18.42774479188004
id_bec40ri158,18.40197707097562
id_zacj6i063v,18.424331986310282
id_lol7o2igta,18.424142762468385
id_m2m6u5m8oo,18.402976583496915
id_g8kpxolorf,18.40298255946532
id_w57cuionsw,18.479470215020275
id_64x7iknxnp,18.419480665870275
id_umk48ombht,18.415105762943966
id_w8cmk8r8vv,18.495709089783745
id_vj0wx6wbs5,18.353911987730157
id_w7sma8wi3u,18.353916944629237
id_oqmb5rhi5m,18.35398666121076
id_i4y106oe8m,18.383625547193915
id_biglgqqok3,18.353071363331008
id_6026c6cyn7,18.490148623742456
id_ixvjw5pg83,18.49024629823409
id_w6kanjj090,18.395266768676667
id_qy2xteqn7k,18.364802210245042
id_6oi09e06us,18.36480644670922
id_37za3uvuvh,18.36487319395717
id_e1rym2u84c,18.4681725950332
id_85pjz4b5rl,18.364633273414974
id_oew67rrlis,18.43993375306962
id_byzy2benp0,18.4633414329303
id_16qarvdtx3,18.44282527790639
id_uxi3qu4l8e,18.442698200316563
id_vy83bxfo5s,18.44287489668824
id_z7ibc788zq,18.41497908157964
id_kbkbgy18jq,18.414863342745
id_4zn86s4tbi,18.45091857853093
id_evx591r7y6,18.450802870280764
id_g6ojnnx069,18.45086177790807
id_7zixl3q2bq,18.453130956427874
id_0d9a1agg6b,18.39528530120155
id_3xt09a0de5,18.3465120267216
id_jbhh44km3c,18.435561182869236
id_5k2iegwee6,18.43561182561171
id_gibzm0hke2,18.39418758202066
id_zl5phiqojd,18.30788186624088
id_c15wxxvb75,18.30771070756031
id_dau6fb0sfx,18.46036554634174
id_z9dk6h8cfb,18.325166397941576
id_uvaqu4nzmb,18.32512831423693
id_qpglm1d719,18.42012962651139
id_ct64dm03s8,18.42010475518631
id_is4l5fwjuv,18.402727697780826
id_vh0bwrobbe,18.451266147571555
id_b0mjh0b71o,18.451223913111015
id_0bpne8ucld,18.450520808976304
id_kvvjrrryc4,18.368399930564337
id_n5ybzqzepc,18.4545465181165
id_jaimxbu1pd,18.37140955305128
id_0l0w0orygd,18.371247092122523
id_lv55afmf77,18.48770759804224
id_9mfp6fw6w6,18.437131726568676
id_tafpzgg3t4,18.44904518075899
id_tiipv7kgu2,18.488243175510476
id_kwiv66i7i5,18.4547626185771
id_nl69sct7fu,18.454755078728276
id_l74jt76ryc,18.460615247475207
id_bxgj47nybk,18.46060416138765
id_923xwmt66s,18.472950166497945
id_aq97mswwiv,18.35273288380611
id_4vrb5vlcz7,18.35274722885815
id_xayf6v05hn,18.35269244883558
id_8pk1rf7oxo,18.453333289994443
id_sq8128da6u,18.488502809981284
id_8ihfuq3i8d,18.488422966581048
id_87jd29uf6p,18.48847084346169
id_4xpx2dt8ki,18.48850095489254
id_hqpr9h9axr,18.489910256122986
id_1k55ze4pps,18.48984091243156
id_2znei70wfr,18.489961897294084
id_9hhcbap87f,18.416303729225053
id_hey12d7qim,18.416308055902373
id_lh2vl46a2o,18.441611176997842
id_yr2wo25x72,18.44162870963499
id_t52himkovl,18.410989311252806
id_7tvjar0eff,18.41103526192097
id_i208pdedfj,18.491861928181358
id_d77mj6yxxd,18.414943662407932
id_jh49madd8v,18.43467514492434
id_cz441c0g6w,18.315401398308474
id_l9egn04p70,18.31530938539024
id_aof0geeadz,18.315279495247882
id_l14us4afx1,18.315341490725448
id_cyjw5nlwm3,18.462347998908122
id_gzuqpix1lm,18.35880255377342
id_18o8y735s3,18.438895171688014
id_wcox1ibc1u,18.463340066093092
id_8mteyw4ej2,18.437216819519563
id_yhr9822dsa,18.437105932966542
id_kx6r0n5p65,18.437275836223417
id_yll8ps5xps,18.41498363636666
id_2ss6w9mkjs,18.41486398422061
id_dywpbbt1rz,18.450918907199576
id_2sovq337ib,18.450805236604417
id_hl6vkdm5f3,18.450861014470938
id_7rweve2gtx,18.453130961090338
id_qenwsj9ypf,18.3952853072657
id_7tr958twwi,18.346512031378847
id_4pss24du4u,18.44124425512803
id_pvxshz55hm,18.44126044247163
id_hwn7gj0gnq,18.39418792973653
id_34w3aboagp,18.30876116740266
id_slzxbjxpdd,18.3085867383139
id_s9fvyed2xl,18.460362455174113
id_ojo4ns7rvu,18.323349437903133
id_oukj9m9l5u,18.32335826260628
id_4dncovxwgl,18.41227268150094
id_lhn0wnsi4q,18.412247700560695
id_8qzxmyj6yo,18.401687395002828
id_2st0ywh4w4,18.461156242862696
id_32luqy63su,18.46111400936693
id_z09r8zdwpl,18.42693576665499
id_avet97ghyy,18.45348985448651
id_8xxxnyrpzm,18.448252672297258
id_5mzgmww3um,18.44813102743188
id_8vxge8fi9v,18.44830170391948
id_jnw9eiv9ni,18.405119021049494
id_gaui5cuwn7,18.4050095675676
id_bk4agfxg5e,18.441067076177642
id_5si10x4q6c,18.44095405367046
id_e9emj2d53x,18.441010208980764
id_9llllv5i9s,18.443279551009898
id_mndm12zy06,18.385431173434586
id_2pxml96i79,18.336663093445303
id_oi59maxbit,18.45769282316863
id_tf7klyuj5c,18.457722407409534
id_jf1h95hidf,18.416594062593177
id_4njytufcfi,18.30025101702687
id_2zbs60m1hv,18.30007768739122
id_kbe0e397n3,18.451081318181096
id_attl7s5eit,18.307403099011896
id_jyqg51mks7,18.30747983071572
id_yvtlt4qsb5,18.39981728934805
id_ququ54p5qn,18.39979235953102
id_b3olj60ip0,18.38777299128734
id_ucm77r7n42,18.440486859875296
id_i94hu4l2he,18.440445939006455
id_sem18a4eih,18.433313033894947
id_iu4c2k0vqm,18.358556517621448
id_jez7q9vvpv,18.44469309397561
id_0g0h5fvenr,18.349898553920998
id_leyce5nz7b,18.349796185635125
id_ctiuipzphp,18.477862935410627
id_1uq7qu2no8,18.427278528634385
id_ag7p6aauq3,18.44051071079104
id_4v2gdi94ys,18.47838867688346
id_oiz391vhbb,18.42065303274261
id_dkh1dm7jv5,18.42064536808265
id_xp48k28xsx,18.45076477516827
id_8hzzltjopy,18.450759203575792
id_jxwkemji67,18.463019253229653
id_9e6zoef7pb,18.33828830504082
id_kw3reqh73r,18.33830718670697
id_i3soe2f356,18.338252029553157
id_s3sjs08z01,18.44391471302699
id_wgstp1qsjl,18.478662642988986
id_c79996j5ij,18.478577898656926
id_xyptp35mvl,18.478626249441874
id_psuhom729k,18.478656917095254
id_pow9jv5ucp,18.465340546046384
id_6wvbbh34gm,18.465266168631324
id_dt7c3hug70,18.465391641834447
id_j5p89q7hag,18.406541431052197
id_kc953hqc6u,18.406541376261174
id_lc6edh3b2s,18.431758343912563
id_9spkaqz73s,18.431777393612148
id_3htqh6ssl4,18.400600541061117
id_zc1ovm5htd,18.366823714881416
id_w7wwg1utwa,18.366842185369467
id_25epdpbix4,18.366805642000813
id_vs0hncomou,18.421841262702838
id_reegezw0zr,18.33218638122731
id_f6x16pl89y,18.332132609100043
id_9a8jkl3m2r,18.33216888523821
id_hoz5wrgxox,18.40025339302563
id_5ziz8chtiw,18.44798512562628
id_l1g99w61j0,18.469836805441464
id_40onwzmie5,18.469916218578344
id_wplsrqbqg1,18.473524541817305
id_8zk238knxs,18.433175333089746
id_0u52beiaqr,18.425743572217193
id_g8dmi5cj2u,18.478219777680003
id_qvb2pi3nbx,18.479940282645252
id_9ocs33mybq,18.481150505836986
id_le65pdwgzs,18.48453624970378
id_kj6oinfm9j,18.42737931660312
id_tiqxiw34y0,18.427420836395207
id_j5q5ukj913,18.4275756751246
id_wfsqr784ue,18.42759487866971
id_19yb602oya,18.44037442803356
id_p5abbz6sni,18.458286899709726
id_sj35fk9ewl,18.476874249453697
id_asczdnpq0c,18.493596041828386
id_bcoprnh1dh,18.49356452936823
id_4hnps4a19v,18.377149817398106
id_slby4mvn69,18.450969943002622
id_fdcwmf2mqw,18.424718107420574
id_pc2ol1dymd,18.487488581403312
id_72hn9xr2mt,18.487557064009188
id_ooylyenf74,18.4877031559858
id_7c0tvcd4mf,18.496323110017425
id_vo7qco3vo4,18.43465361855026
id_tyda8qzu9y,18.43453659587611
id_qjo74p50vb,18.498205407441407
id_qftdjlnuxo,18.494230652138384
id_8zkhvf7knd,18.494322413600237
id_zjdfiws1ze,18.40867568089858
id_km0396cm8u,18.408685646412327
id_0zb66667qv,18.40883658689931
id_xkul5db55f,18.3406068679246
id_0882wi4vll,18.340553967479117
id_vyjoukh7a3,18.385455466046196
id_mgzj7k2c88,18.3854867253578
id_mj68hapwjy,18.447689087447777
id_4k7w1huz70,18.354333582311835
id_cc5r73bssv,18.35416432058004
id_lpc3qqqc79,18.354307238779487
id_dgd25e5l5n,18.35431561071858
id_2u5h8ssj8f,18.427131107421552
id_qekvi0qhbi,18.42704632577
id_7t5rwbvncv,18.40042146546353
id_wip1lfenhd,18.400427659444333
id_fz1zlhsz58,18.497682258136358
id_fzhszn9qgh,18.411178766352275
id_drhboq2o8f,18.39859343297751
id_67f2qgxjr4,18.321230332702896
id_c9jyqp5ts3,18.321149383395216
id_o5nsm6bufm,18.393003128208008
id_fliahadafe,18.393057159613974
id_ljzcxva3j0,18.393063740476194
id_4fg7od0p2h,18.358935314944514
id_r0bgionrrx,18.408260676162083
id_5mrclq7yja,18.401977186696538
id_v6ji6xpykj,18.42924266649376
id_gzxccfruiy,18.429053259434934
id_rch18sl7fq,18.40092901380038
id_dycgsa1kum,18.400934841059982
id_dh2z6cu6bu,18.47947022658714
id_b3ij5seund,18.41948067743808
id_tziu881h86,18.413849611530097
id_321qju313s,18.497539114924948
id_dngcm1ubxs,18.347133200338405
id_vu0rtf6isv,18.34713815637118
id_tzfx3hbsak,18.34720792486868
id_rhg9ghnbc2,18.37727975125366
id_9hkqfrhrxo,18.355852662865452
id_1s9fc94wwm,18.49014809300177
id_6l0a121qin,18.49024669901958
id_iblicy6lwk,18.395266780241354
id_galqj45a9w,18.36560097250567
id_1dg8zj0o7z,18.365609277529817
id_9x63i9uu20,18.365672224079535
id_n4mgwkvcyo,18.457323383807353
id_h9o1enzmn6,18.364633993054596
id_444jxq8ki8,18.460015029199038
id_fokwurehqu,18.459968490447594
id_20s8fncc9t,18.459978166376878
id_ifa0c3dcm4,18.417238614263077
id_bl23vucby8,18.417214282705316
id_o1949nqyfa,18.41712125624053
id_y3f4c5fs4z,18.41718405701018
id_kdox62iiap,18.34881514432582
id_r8f5l77m7z,18.48305669917709
id_6xieqd6sjk,18.483133933691843
id_g3poszpaqe,18.43050945357627
id_tv3dx937tm,18.316768186232
id_kufhei9qi0,18.316686319568884
id_6xvj9dnlf9,18.46274052996396
id_977w9neez7,18.320495447523047
id_74zzcs47si,18.320504405170844
id_dkzrsecwur,18.41533276229664
id_fzaay03gtj,18.415308040515693
id_2qlkll1nti,18.399944565646663
id_dkxo29nkhe,18.463512702767233
id_8z4hu1lzg6,18.463486295420747
id_bketz8ikkp,18.455184727800862
id_qbn6ng2ro0,18.37118473381162
id_pa1p75uuos,18.430758255723518
id_hgfifx9q4q,18.366316098992755
id_kqxhxu0vxw,18.366157604827904
id_eso5h6en02,18.476391070557376
id_tcnlwhm6by,18.4394729706277
id_2jgdesoznn,18.45332738688642
id_q1prt1nt1v,18.425801905573234
id_bpey1bdu4z,18.425733022715836
id_0f17xoy417,18.46290195881474
id_benw0ms5bl,18.462881833445753
id_ovvvd62h5n,18.475294683845444
id_8w0x0v8vc8,18.34431331022857
id_sr7nmu5cq5,18.344327950476103
id_uz69dxquyc,18.34427142130149
id_058qup1czp,18.457699549625147
id_9xdm5pzodn,18.490846127750007
id_9xiabniu8d,18.490736263769634
id_e8ov3f0ec6,18.490840411944166
id_ztov1dasd7,18.47070411552111
id_u0dv0t4gc6,18.470607788623635
id_vaexseqp4z,18.470733627229592
id_5e4jtn2k5u,18.41807868273992
id_g1f5h70z60,18.41807409878461
id_ei0npa3d51,18.418099935069467
id_w73v97w9dd,18.413372172903127
id_d01h6zb0k7,18.36443469409542
id_hajvhq9a9k,18.36444816315418
id_wfej53asol,18.352150541736982
id_wkxp2kkhas,18.418377769470194
id_4nx3hdlk3f,18.330388031061386
id_tvruaym3ou,18.330334157362238
id_mdja9rpbvi,18.330346324706245
id_v3lg566peh,18.399774073348315
id_5a7one1voe,18.447725465935243
id_uzwhiiojkc,18.469736793454203
id_13zxbv2bo6,18.469736407579365
id_ex6nijku46,18.471772800179235
id_7dpkk65nit,18.433280778513296
id_g3bd1hun07,18.406336715941855
id_suwhca6van,18.483020663046975
id_nxc1tmyyss,18.48482152100321
id_eikgi2kr2q,18.48602675285121
id_n4o71g7yok,18.48453625379848
id_mpq671lkla,18.422169097727767
id_k8se7sutpt,18.422356773852396
id_i92idl2arl,18.422197176958818
id_5ingz959i0,18.42221680841745
id_bgw3i6wwpf,18.41902558096779
id_80ixty8tal,18.441285954085227
id_0a4e9fjk97,18.458179556602346
id_lbmmt6ea89,18.474676957769553
id_c3flrt1zuh,18.47461526926477
id_cvs2kktyxu,18.359431849634614
id_7mtozwwc20,18.438194007172683
id_dq086pe2mx,18.411938061560516
id_3oa251xapn,18.473642393413925
id_felfdwexf7,18.473717204063902
id_hxzxzh2uah,18.473862077050704
id_7e9nhjb559,18.44461215786504
id_yjzowwtt3y,18.421886961413833
id_kc77exs6rd,18.421757714892557
id_du9zmbgca2,18.42172180230212
id_j4jhp6ymgs,18.478230495683924
id_m5the81w7o,18.478385163304644
id_1s8k0qheno,18.40204860934027
id_b6q1wkhds2,18.402058709876272
id_cz225gdeoi,18.402187609784203
id_8lkvzskxdi,18.327808960729538
id_t301lndtpe,18.32775701391709
id_uzuzt5hcyv,18.372675257128826
id_6n47hvxwoz,18.372705916454922
id_294fhgybq2,18.43491262942142
id_pvdki2lfbt,18.353064707606634
id_5yosfti35o,18.35289183257705
id_tsf2ykay6m,18.353102957294062
id_pddkles1x0,18.40917909452725
id_ypzvugg3as,18.409094899178964
id_ol8i7nv30f,18.38785623635744
id_md132uwbf7,18.38786260806279
id_b2y24168l7,18.484920639638954
id_4yvwmu8cxe,18.407971182270263
id_tmy3b6ts38,18.427519192774316
id_cbq3vn3m3o,18.307737701316594
id_a8umfjb1ge,18.307625228489293
id_8oqx4hgwe7,18.385663572652515
id_y5f8v3s580,18.385745739742546
id_6kf89wa993,18.385752561537245
id_h7yzht6wq0,18.38565810314058
id_95brnbo0jo,18.409433349663136
id_4hb5judkxv,18.38918971877726
id_xun5oyhgjo,18.41813036833816
id_kckpnat31g,18.4179465876388
id_otccfrhvvi,18.389538453568264
id_jn6u5c5cjp,18.389546340081093
id_v933ue7kf5,18.46669804655542
id_mc2i376rld,18.40517916306409
id_9r05mz0idm,18.40239332479535
id_3wfdiqgoxw,18.484024787590403
id_c1n58uu252,18.3425899067018
id_7p5lepxj6a,18.342594863965342
id_lrkr587gkp,18.342665139392093
id_kvnb8ekvum,18.37103663120421
id_mqv32adp5x,18.358713750595715
id_20korskh6j,18.477383404168272
id_78f1la773c,18.477482097818147
id_9jtdzf7kcs,18.41552569672629
id_52juzapqcw,18.35202235155729
id_li4wcjkc21,18.352030654267192
id_bwle5dl0sg,18.352090733339264
id_7jqcpniwxn,18.4557666253866
id_5jbtohx3rn,18.351870112659487
id_rfko1do0hk,18.446649878608415
id_zbl8jgb2uw,18.462579795656342
id_1syuqnv0zf,18.44791982067397
id_505znfwne9,18.447852658452856
id_64xsijlwga,18.44794235646163
id_np7zxu024l,18.418594768306498
id_72gfwpdc4j,18.41848193671201
id_0cmp4g2ubt,18.45519656627277
id_e6wx5c307f,18.455084579743804
id_05luzgibct,18.455141896393435
id_13vd6nfqlg,18.47103433519253
id_dk3pcbei6n,18.371895815799885
id_b98ce0qkq8,18.32858146745404
id_dul45idm6l,18.418483672720697
id_t0xjo4dade,18.418498650944944
id_nk6tuv7y71,18.45120603629216
id_eg12ovcwpw,18.299531541973565
id_hlwwfh3qu7,18.4959601686202
id_kkhhupasf0,18.46533503396984
id_gnh3lx8tp0,18.320362072635163
id_k9sufsvlha,18.32032357911634
id_ars5keh0vw,18.436737275877768
id_r3gn7hnst8,18.436712564400906
id_asxb2wtleg,18.3847598990011
id_zbfwtwc0o0,18.447737142805565
id_y25nozzr46,18.447690734522432
id_hvslvvau3s,18.44620725885028
id_ow5f3qjobm,18.371451835881533
id_afzc6ul1wy,18.457554205364904
id_xk9bv6spi8,18.342965293199562
id_cd4wv6i21d,18.342936314864037
id_lhe7t7ml8n,18.449373380190938
id_atxrpetdw3,18.4401391268154
id_0aj1mxix9q,18.46009486490877
id_no5yjlcm3g,18.47770278232548
id_bjvx3ng7q9,18.408195692536722
id_uvoli7jkk3,18.40814277733835
id_8le9qqlixz,18.475148452009677
id_a3jcz7fc27,18.47514289972078
id_793ke4x5e5,18.466738802568933
id_loljxr0mo6,18.353381310919936
id_0v8evpy2qs,18.35336945448095
id_0bmqcvks9i,18.35325523925499
id_ug9e8wl8h0,18.45215559043656
id_aonmnfwfqw,18.478631067424402
id_9h7w4b7oww,18.4786779478934
id_6gxul944md,18.478692357751374
id_8y3pcwqv5b,18.47872872415575
id_6gvnwx27b9,18.47821754710451
id_w0zxvghizq,18.47814965728867
id_wmscdo85fe,18.478175570955415
id_xrbsdkk2c4,18.426222764746008
id_pcqx5u6le6,18.426222709879397
id_6smk5au66q,18.444621719607202
id_xmzhq3a015,18.444640792278232
id_ueml1oc6xg,18.413681732550618
id_tycn46bdt5,18.40284366951959
id_uhm4o38ksa,18.40283948149901
id_zz4zc4dfvr,18.395292044941417
id_3dps54vf0f,18.440956335158866
id_hp0ejuyv3t,18.3450459273016
id_qod41j7e0e,18.493387786263117
id_4s4s9ljllh,18.49334760202324
id_8vmswwvy31,18.412414331118658
id_hgbeyzbqa9,18.462300449328602
id_9eazgq4i93,18.482687518511682
id_15tfvndhja,18.482687360491905
id_akw3lvhlr6,18.48726760537923
id_pdrnzevlv5,18.443795931496417
id_k786vuzcmw,18.428077290791446
id_ii36qck65t,18.47644930412759
id_luo9wejxo5,18.476395222143854
id_dv7y922sze,18.476459501480864
id_zcs5e5jjv3,18.476286614869505
id_nl1ahmmrsk,18.42819265389308
id_n2j1w4zr7n,18.42841015299234
id_edhr3ruhca,18.428365693014406
id_gqpsd6uict,18.428384895705246
id_qowgzlfn74,18.430374042767195
id_qs2l2xtdjm,18.462758381715762
id_4lrdvrygkh,18.47598625468036
id_auybt6kold,18.497823764281684
id_ufe7g778jt,18.497768368657727
id_7324fwd9hf,18.38246504060097
id_sn73v8vz1i,18.455815635160803
id_ojcp5cpvj0,18.484374094422012
id_op1s93i84z,18.484525233425412
id_io2lx9odns,18.485238586370624
id_06zbl7jtc1,18.435763632338034
id_1ttiqk66yv,18.49501112935051
id_4pt0caxqat,18.494997185300246
id_ws58vo2yzn,18.491839199297804
id_tce3ozp394,18.491909457832033
id_q7t9b05o1s,18.410525321970002
id_awrm3qdtbv,18.41054307462178
id_la85j0outl,18.41053382982629
id_i6yqhfapf6,18.33947968254971
id_snwy8kzkae,18.339427370893365
id_6v79axy48w,18.442888737568737
id_4t3anhqio5,18.442919994761557
id_q74mccdm81,18.455778665914966
id_ikn6e0mpzz,18.344604140168258
id_v8txb18kd0,18.344546316253883
id_audlh8gjcf,18.344641047327478
id_zfs5kudqv5,18.34464944855778
id_rz81mldmne,18.43363963878022
id_h4oa84i9r6,18.433570913709364
id_htkc980daf,18.39895757032686
id_66wzrdbk8j,18.398963765056934
id_p8oxssnqa5,18.49418825424141
id_thd2r3g438,18.394697906488688
id_8ac2fo3bzi,18.397704089040094
id_9ukm2znbos,18.340362814358265
id_vq9e0a0452,18.340290096436902
id_8ao6r0by2m,18.368682356019313
id_hgrtbz1nsy,18.36860634009226
id_7dyx4tphmb,18.368612888999305
id_int2pnz27d,18.368590823656497
id_1gi9fmazsp,18.404820782705286
id_5dhzpnfsc8,18.39004531175748
id_olg30s5x5y,18.425727741099767
id_t5523jtnh4,18.425538193040538
id_vqcahchrt6,18.402954176366606
id_fk1sa9hbwa,18.40296099068453
id_ok160agwht,18.4786065993504
id_xu17k53yq5,18.39736800210957
id_xmzcqauw3k,18.412957668633716
id_aour5rgxfv,18.498024392146338
id_nujzd9pafg,18.318216060997205
id_icrv4paofp,18.318220987664166
id_9yatzebc2c,18.318230566102233
id_gtjn6hxle0,18.372394497663084
id_m6f7hnj4t0,18.368594480717125
id_1v1fi85h14,18.49836627775291
id_7sp5685ieu,18.49837316938165
id_liqr0uwqrd,18.405224314641732
id_03lwil97qb,18.364839726319442
id_qsf30wtdhv,18.42695851365044
id_1uv0ibuczo,18.427032655307624
id_80csjj6d48,18.41789153467225
id_n1g3zkow2a,18.41774600537768
id_qjt5kb3u6x,18.417752846986016
id_6e8d5kqq5q,18.404829326989876
id_wvhdr0r7th,18.408210625934036
id_x5r3svy996,18.468688744125725
id_o9ggz31qgu,18.43635229578779
id_gv60syhrk2,18.47170686847435
id_g3j3o1t4sz,18.411059770281607
id_laabpazmxh,18.392655170014784
id_eho4ay6smw,18.39281555230488
id_w8nvwfcpmm,18.373404753661962
id_btnsop89b3,18.37504902781749
id_0w6dn0yvk6,18.436761664068978
id_gpznwpt7ys,18.484920664188206
id_z23dyz3slb,18.48494607647946
id_2ojx7eu8qw,18.443274602099766
id_98t8cdz765,18.42414736629825
id_8f9m9dleze,18.424152673817066
id_oeaawvliom,18.399800107240228
id_ov5yh9unz0,18.3998115296392
id_syrmc724fl,18.419110884567182
id_wsfou7xddv,18.393186340510425
id_gdrcof729w,18.393174030216365
id_yyeq995o40,18.393196629607726
id_mhj0m6vsoz,18.39319554983724
id_d51371db4v,18.39309586229847
id_nrt1xvsex3,18.392999688726423
id_e0e2p1877w,18.39299203716434
id_ezhbu5sh62,18.355620427185883
id_c4pskc8s76,18.355630210791194
id_r0ufs02ezc,18.30857600346874
id_hk47qerjv3,18.329034526679806
id_8qq33hqkxq,18.470561837334607
id_w1qz8bdksu,18.437154384363524
id_n74jn7d5ct,18.43712464388995
id_b2yadnldic,18.338499467315057
id_484yc688bf,18.338625888077537
id_5w25kqbc16,18.33868972533433
id_9n8atixf1w,18.423854921500407
id_5f8seqeob8,18.426948388613678
id_h0d3gkad49,18.36119218280292
id_g7kvipny30,18.335355254294345
id_hmwh1yqafb,18.335338344771472
id_xjzlyzcmgj,18.47966323525153
id_inhwqwpuun,18.479672967202777
id_wsm8a53caa,18.42223830393488
id_r9mlk12372,18.422118269405775
id_oisa8d97gd,18.34789760286899
id_6ab55sm71v,18.313495622667734
id_too46nmh07,18.39517144234974
id_r5m6g5ftw3,18.39504746196285
id_g6vqehwv9h,18.37535415600593
id_na1dwva2t9,18.410217507188523
id_nr83m898q4,18.39915864368886
id_588qh1lkgp,18.396878966973006
id_1k70mcdia8,18.39687521599194
id_4kvsbq5i01,18.467124425840595
id_u90ok9v1g2,18.357619639923424
id_f7jhr0tzyj,18.357630842581187
id_496ds7trwi,18.35763199044279
id_rjedrxh5ol,18.357524371685482
id_iznxqqg86k,18.41785291900638
id_r2nitpoo6n,18.432639110638288
id_crcf47qz6r,18.47679834682268
id_s0472tpnvf,18.47680738941705
id_4x8344brzc,18.415324451109804
id_f3th0516p2,18.411268828060578
id_rq698snr9f,18.421368109756475
id_bqumy9109l,18.42129313369664
id_sa87ndj19i,18.421300453916206
id_l50a8gf4z2,18.424912370799582
id_d22097x7wg,18.417009757346726
id_o0l24mamhf,18.41695302940559
id_u0tbd0ho1d,18.416767720157775
id_jh9oqt4r06,18.416751252008964
id_s5qjht01ct,18.416703867535283
id_9jvayvxhsb,18.479067474356462
id_2ktyalo4fo,18.479192614485612
id_yytme869mp,18.420210003467126
id_qjy6t0mvby,18.349081310664637
id_vqx1ryf2ik,18.41887910330408
id_xlf2632glg,18.413838528562483
id_9ryn26zoyf,18.408108749989434
id_0bhupilpq3,18.408116136534883
id_3oog4p81et,18.396701446319113
id_7pwsq2822m,18.456345748642114
id_xco3eq9ewy,18.38092092699159
id_86pol7d8z8,18.404649804422082
id_4hq1smw4qm,18.465207936970376
id_mwm43tu1lt,18.432288402075873
id_egnnmgvz1t,18.458181955834096
id_ql3nhnzgo7,18.4278917752741
id_6yei7c05s5,18.45676552422271
id_37ncimqtl1,18.39636517738565
id_faigrj26mv,18.409284188215402
id_b8gmnur08k,18.32028913322916
id_uhkuycqlqg,18.38924885788871
id_hda4qbl82l,18.473717415728444
id_l81zesfyi6,18.473916863396212
id_8fw0qddr4t,18.373280652785947
id_3swlrvxi7m,18.348131048130643
id_2iq9tbz4bu,18.353354995552138
id_l3hzf7xam7,18.43779301481989
id_7yfs7z6re5,18.486658310924803
id_3qj7edycff,18.486678913053748
id_zz66kjwki8,18.36118281815227
id_836ugfrmfn,18.400311148306674
id_i7eew37mck,18.477309732191824
id_bxqgoacauj,18.426861087717615
id_0804vchmvm,18.426949739262188
id_o41hevo885,18.400783783352825
id_55ynsd7iob,18.41296535836082
id_xmnors3b2p,18.41297296240845
id_i0vim21vyr,18.43336726003441
id_9q4vgsr3t8,18.393076583638923
id_nzvtf8mk2z,18.393064055737554
id_qxhc5b04ve,18.401409590828877
id_bmoknxippd,18.40150309057356
id_y7pq8dp4ut,18.401453536337904
id_7ibql8i2hn,18.410696123394228
id_tbkdhkji8c,18.410771171727944
id_2xvazzddgt,18.41079233699761
id_vo6tjecx2y,18.30669736604284
id_td1i5lcg9k,18.354821088668377
id_ruc95ajmux,18.35483058995059
id_a0at61dzen,18.310599953896254
id_0zn9uivt40,18.329193660947976
id_qlx50d8vx2,18.329036765808215
id_u6z7b5cbh4,18.49094910857699
id_qruu4eejyy,18.490923845597145
id_9vwonnifzw,18.340290757826107
id_0lnfawjnjk,18.340342541940338
id_31uzu5wcsr,18.340503624467818
id_uzija37zrh,18.474155109637707
id_z6s5np5auh,18.445656515680426
id_p084kqcwjo,18.330745768004164
id_qvm8ttfb1f,18.33075868287633
id_yzoxe0nplf,18.330762520470497
id_n95r9k6tql,18.330759896209365
id_i6gb7eojjd,18.424024314322587
id_rj99alu30y,18.42391422704573
id_qlb79248k0,18.37045160301822
id_5gr1418j07,18.309618237130735
id_mvspb7k941,18.40291652407311
id_w5jw7d4cs6,18.40265892368007
id_ksu34mhpjr,18.42662674096377
id_rwz1uudt8t,18.409909307190702
id_q22kldhur3,18.40886085767045
id_2ax9dk8j9y,18.396428914923167
id_tld5diafyf,18.39616419660507
id_do4asz4s0g,18.45747198700096
id_3alewcubl0,18.35944025847029
id_8zu910kppu,18.359451190445128
id_1s9nyk6u7a,18.359427235779137
id_l88880p40e,18.359320254771504
id_hr17wz72sy,18.426296865478257
id_cjj6ks4lan,18.46432953222926
id_odokt2hr7x,18.480326231870475
id_kw3winhwi7,18.480335274292475
id_jj9rbh612v,18.418855873458728
id_26j0qg7uea,18.429189672791193
id_ycnpcmmjh1,18.42814012842912
id_7vaqpmlhsv,18.428066284565332
id_c9cup5eoxe,18.428073568750722
id_rxl64ozpc8,18.43611617289357
id_wlrwnnkbc4,18.43605909953072
id_5v07yr6kc5,18.43583477716262
id_twzj5jj66k,18.482637456462417
id_72mxu4su0c,18.357524629167486
id_c25uc85sjo,18.422376089439233
id_ouv903vao3,18.384436111121218
id_zyln20zouy,18.408903495167742
id_gl5zw040r9,18.47490787597355
id_g8wutb862i,18.43583877453302
id_s8gpkg7qj6,18.441698856664562
id_rmsthvc1sd,18.443505181090003
id_ke99qjo5z4,18.443567187202
id_77oq3gka82,18.346334020302052
id_d4rug7fs73,18.46357991067205
id_0q4rgwhh5j,18.398514879936005
id_6a84c2y7xm,18.475524183962115
id_6q6h59e1he,18.416759524849567
id_dv8a63xtc0,18.416627984015744
id_27ono5yevj,18.41670037534314
id_v2r3sg9n1j,18.416690149846396
id_3p8yrwj992,18.41670067561437
id_wk8q5ydpwc,18.361184179095474
id_xddq8x5dw6,18.361193838500252
id_sharv68cbo,18.30784884045876
id_98fux0thhz,18.327157570038665
id_ago3payk3b,18.32724128843858
id_2bmny3x2l9,18.48913786962741
id_br2ieejs8c,18.489205890689473
id_weseav1xhv,18.335315008869276
id_qwf1i3cj7r,18.335269364504207
id_4fdnb4eyjk,18.335452258490434
id_khcy0c8nrh,18.33535402674812
id_kjsl8ka1vy,18.44385416936671
id_1s4emym39i,18.400474831409063
id_cfswxplen7,18.400474678389436
id_ri3sgqw5vk,18.400465823838328
id_w8xmcsup55,18.400463227686537
id_oskrymtnrz,18.422695458861895
id_a5nzunklam,18.422584885014484
id_okj6k5qcws,18.372302398035124
id_ja07tx0n94,18.31157458414462
id_1cu5omuey9,18.401120289826768
id_ph274c2i2p,18.40086253604636
id_sx300bfhv2,18.424830846905262
id_xlkeen4coj,18.40811312428439
id_bhdjsv4g5r,18.408122031052397
id_doxq14mqw3,18.407064674512103
id_fbog8w5ysl,18.394841285968443
id_nf1gsgtgns,18.39488178687402
id_10f0mij1yf,18.457477678299202
id_m5e0u3d68x,18.391805187756013
id_x6l5iwtgrd,18.391816216601487
id_eyx4q4fnev,18.39179226335126
id_4lfxjvfjkw,18.39181023560693
id_32u710vh61,18.42495789808523
id_zsw4618nnl,18.462534821611694
id_b0ww1vi7ut,18.37904590450988
id_43huts58gh,18.379034623896704
id_ivuzjmumge,18.37897635334944
id_643x1kcl8a,18.42106848399729
id_8c62htwyf0,18.349387021471436
id_gbcegwehwb,18.417601859774003
id_hx6qnu01o7,18.417586387358448
id_r69gk2kevv,18.417581067603084
id_rfr69eoy4e,18.430296355348425
id_p815xbtmh2,18.431687762412896
id_q4htbc3mv4,18.431613601619652
id_3qu1qg5an9,18.44080644669014
id_jxt2raj564,18.41026066482996
id_whkxth8443,18.476293998980818
id_r5h0grolrb,18.413810245151243
id_gqz444p0t4,18.411515109158575
id_cm6tbu9klf,18.416860006643937
id_6gaw1mpb98,18.416611908704205
id_mi6cveknqi,18.41679028680813
id_hrztm9t3ga,18.382195231590202
id_2f9mvhe5a3,18.47162297043227
id_yrz4dphzc1,18.460169074705085
id_zngjgoo2dk,18.4602100148493
id_pxwxzopg5w,18.36205126645578
id_c40jzd2xtz,18.419927938586255
id_h0w3y9kfum,18.41991106915187
id_78loal24ig,18.414947736443896
id_a6zbnq2jfl,18.414966438143612
id_dwojdf96vz,18.42342571543508
id_kh8t0u2ykn,18.423503961688233
id_ulncgfoozq,18.411014688386427
id_bhaumyn0jh,18.410856712137928
id_75yu6r1ix8,18.411050866514262
id_nvx1ah4m6e,18.41107083591372
id_4szygx4nu4,18.313102981006136
id_cfhk723676,18.332877952475613
id_rt31sygm68,18.332742123187167
id_dwxwdulu8v,18.33273942388243
id_dclo8jsxow,18.332754701639157
id_u0imoqh2c1,18.34290917777279
id_a4d6g1lekm,18.34292859879187
id_cwv9ah2kuk,18.343098967160465
id_1583r9rcn9,18.343000748604045
id_55v93496t3,18.426503940569802
id_p6iewno0go,18.404803580103653
id_a3wluzck8n,18.339646292965874
id_tg3rfg73mm,18.339671995272592
id_haijdo7a8j,18.339645170893046
id_aukksta5ut,18.339670060423636
id_vwfdch92yw,18.426558886138867
id_vr9rjzdio6,18.426439153553826
id_hq9rjuwiqd,18.376624677594044
id_plkyx8w8df,18.31781484885578
id_mps4kqn7xr,18.39770003809539
id_ohn2jvlaqc,18.397494926379714
id_r2vvygjx7z,18.379641923431937
id_8ythlcs4u6,18.41243464959254
id_wgho99po2u,18.412443555945423
id_y9o3zgw71a,18.411262250593367
id_5lp79xg2n0,18.404199002947298
id_vni712633p,18.40405840087291
id_j2425ljqo0,18.467876480956775
id_01j3m051aq,18.361905760543824
id_r0n1tbsc8k,18.36191669222691
id_y7ffq95y6e,18.36197271270488
id_hajr115naf,18.361990671716036
id_vvmmry71u1,18.43230883836454
id_vp5euuu0a3,18.46685245557843
id_b3j3fd3rmh,18.32725252569657
id_sifhxybxky,18.326857452282194
id_hz8r2su7q1,18.326841301377
id_idsihhjz6g,18.326627208764766
id_o866qvk74p,18.495654079484886
id_0u1n7gtyxp,18.495624176603805
id_lyrsajp3xp,18.495646885953366
id_bzccsloevv,18.495548770147106
id_9c9z014n0r,18.467419406082367
id_0che20octp,18.467443579540696
id_8lyeumoumq,18.467322266758227
id_9wiy3lc33n,18.430870163256106
id_9a78zekrny,18.379631290483548
id_59yb1kfkkt,18.3796176725315
id_5qugn6f0n4,18.379561739262186
id_ch556d7iza,18.406358551911268
id_yljh4w9iu6,18.40628165572227
id_cngpsdvk41,18.40610177981659
id_cpc394pksr,18.406148398371766
id_9e8yludv11,18.331815632379477
id_wmvjf8lqx7,18.441880848697476
id_fxa58eejly,18.410925713462234
id_lrnh9ds8zh,18.410787697939163
id_14c1s7ewjb,18.39935804155108
id_8h35d7as03,18.418151696418718
id_pirch232ad,18.41820183449599
id_l2k4cwt2y4,18.47224161600847
id_bv77jcdr0q,18.472310894727745
id_fdqc1chspp,18.47227976035751
id_62ln78y7zw,18.43084785491874
id_r6uupiy606,18.43082764174726
id_pkr851vgsb,18.430734622657294
id_5dt20d24kt,18.430856429275018
id_14iduc4f9l,18.395569895678296
id_s0oyk7nplc,18.412289170014684
id_ohoxj2ghjr,18.413110224921468
id_lx42qav5js,18.412144907668363
id_7y4q699t9l,18.442199154934546
id_dp3acipvh6,18.39531658249618
id_t5pefcc5b8,18.395252268592817
id_lpt30pg4he,18.37265940584911
id_3t6sgybjdl,18.465245052364065
id_9n0a6kx46d,18.465113700899785
id_slvqhia6kd,18.387521796681494
id_8ulyzkbx2b,18.387672962404704
id_jo0fplisra,18.38766274129518
id_dy11ridu3w,18.42401054647317
id_3qf6thp1zq,18.424009669984518
id_irq21mxj78,18.424089292401433
id_w2cuumaw3w,18.424109261374333
id_nwr2vpkoe7,18.313688056338126
id_u3ih52igtc,18.313664885814394
id_o1esa8wsif,18.31357931323119
id_gwxneemm8m,18.313594545267847
id_mktr6ix79w,18.313577357983426
id_2ptvfeal81,18.31377493641395
id_elkdukvihq,18.313676748433128
id_qwk4cugilm,18.4389735735575
id_1oz3u6pwhi,18.405381882922693
id_y0xvef09vq,18.34022464345001
id_23gmc7gsmv,18.340257286788386
id_r0m6c354qj,18.34024361296269
id_r0sqad4l78,18.340255353735778
id_ghdqd5jsd3,18.42714372252843
id_x8bwqtepbs,18.42702377713133
id_ya5dvzycq5,18.377209798823284
id_9wue1vw0je,18.31839936918749
id_cv0ocjo7yc,18.40267481798572
id_tembu3gfxi,18.402417102793798
id_jtuteue33p,18.380227309846614
id_lzg90mlb1v,18.413019907361413
id_z5sz4wfbb3,18.4130288136425
id_po61337o0p,18.411971436905723
id_u3ds0qs0ja,18.404908287768016
id_ux2weabz73,18.40464370465604
id_8ew9nnhjzb,18.46602552128758
id_lpk5vf71ew,18.362748063326872
id_haz6ywphnk,18.36275910875707
id_7r1kfjjh14,18.362771668411906
id_663tkhfuc6,18.362789623267318
id_z9c1h7fnjj,18.432892306582833
id_9dx037ij0q,18.467437090731405
id_tzdmb15txs,18.474727689506416
id_6ngwi1vl1h,18.474551394982527
id_cqm8i6ol8g,18.474482969547996
id_l7eneup5t0,18.47452169878624
id_sfbjw9ec2z,18.474544651217897
id_j7jqrbwmi0,18.474573035778686
id_wwdzrwgr58,18.378799230674478
id_kk82r8fpuh,18.37864117048921
id_wat59la3q6,18.417980838557625
id_xhxsyxysbf,18.389142739495657
id_actuxo4gmq,18.38926905142066
id_6qitjn8c8r,18.389212051391695
id_jdquy1lxet,18.39958668741654
id_g5325vgzzt,18.399509801026333
id_c4zrpwzc4a,18.39926636089851
id_t5anmg4v7v,18.39931155642447
id_9af0ydgl1s,18.37997027416746
id_9wwxdbqekl,18.432752396503332
id_dtzemr8b33,18.40405999347006
id_qye7rb9bbu,18.47816918742791
id_1s38ze4v8w,18.478214338350384
id_1doz4c69ph,18.478216337660957
id_18tg20wg54,18.396449494437146
id_mf6s46v1uw,18.402677753769566
id_krkw3iqkf6,18.402653591057227
id_tcql7qm01y,18.33926917761683
id_czit7flk3p,18.40008225392885
id_67vafahcsb,18.399947071809528
id_ocawwzqkj7,18.417414317572828
id_6hwobiyszp,18.479339184799226
id_3hit2vt54g,18.438001317862625
id_kxjx8xtw71,18.438015758918695
id_ujvrrf4kx0,18.43804036731906
id_p7m9x0qpi5,18.435855728396344
id_b2w6gxhazp,18.416534816192097
id_0glwf1vle0,18.416462822075935
id_h52hj66b1j,18.416479776657912
id_3ykb55avzl,18.41658032001316
id_4140yukx35,18.416616522585876
id_ejschtytb2,18.487633578757986
id_bt8l5o5bpc,18.48771756991608
id_01tyqteuzb,18.487723323189023
id_xxtlit8f06,18.39985718587336
id_neowy957qe,18.395541449259657
id_ld5ad63fk4,18.39573920473259
id_9wphwvxjbh,18.40281146311939
id_bjwf0gk35g,18.41920066273428
id_nk6t94cwcj,18.4252259222986
id_c00v9db3kd,18.406554639680618
id_qljfbbues6,18.397088453064587
id_8l8rdvtd4z,18.476315351406058
id_ucd95ihefb,18.417162675840995
id_1h25lc42la,18.333708097017933
id_7rkgygr8my,18.396128318449023
id_qrzcnk9cb7,18.403350627334746
id_3osclzuma1,18.40340479658001
id_j7yo6gfpr7,18.399238177421033
id_m8zu1vzawt,18.358216839028927
id_bjboh76f83,18.363240389375388
id_msmgdqfiqk,18.43991380273756
id_9d9nc0plgr,18.429521417567194
id_fnstzi3enk,18.42956234635993
id_3h9gnh7is5,18.362111604411375
id_ymoxc4wuvj,18.46214900784658
id_diweogvo4x,18.41372000795172
id_wl3mu9y4pt,18.413664092555816
id_cypiwo10y6,18.38403743234882
id_qh3anhhrlw,18.384187817938276
id_83z9c83r5i,18.355561129312317
id_s1phnl1iyl,18.355586312389192
id_uqoypd8y4s,18.43054522830361
id_e1c84vnzi4,18.397563284042338
id_duvrjwe7j4,18.39755058415213
id_cpaolr5w71,18.39757957317745
id_0gez5n5up3,18.38052731090615
id_4dxpvc7v0t,18.380514882174623
id_wy3b3kwp1u,18.408701499581902
id_kcz6mx2ftd,18.34882250546286
id_s2azjdfda4,18.3201653364455
id_7zq37bq2m9,18.32004734142872
id_80ps7kboqo,18.36264410963387
id_wdp8cocu50,18.362653611650412
id_gxnloqrtfy,18.37191178662391
id_98zx0ydmal,18.332760364646834
id_ikydapbjg4,18.33267663277984
id_x9csxregb4,18.332799748015304
id_x726sqebnc,18.332945248152456
id_embux96a8d,18.336452358470055
id_n3zi21eakt,18.336261752859592
id_cmzvbp4gp1,18.33652419291851
id_lh42zi0nvd,18.336413879997334
id_lq6ofubnzh,18.380632746206018
id_ak1gmocab7,18.367918851614284
id_j2qbzdu60r,18.339128740630606
id_4s7frhrx0s,18.489128722353506
id_swwnl6ehwx,18.489033553904353
id_0dzgrhmq0i,18.489058345237353
id_bblmv4qbuz,18.440380355223837
id_ns1udfi49f,18.440298392426346
id_3t4mu9h9h8,18.38112028297075
id_np2i3652hs,18.317086725112773
id_0m1hyk0i2t,18.393189362200978
id_47086vwi8b,18.392948518407618
id_w1v8rlefq7,18.3784823851543
id_p24h3f2r8x,18.363834643164058
id_dlxm63a09x,18.36384354429523
id_ri94vbx6vg,18.39950768466797
id_wi9j0eune9,18.40610997835028
id_0z2yz02gho,18.406100904498143
id_013dywijcw,18.44859122365894
id_whd8ue3507,18.375920953914687
id_wmd6txw3qp,18.375931996442404
id_2uo9nruooa,18.376038589500066
id_cmezkcvthd,18.376056554542657
id_k00w57rr6l,18.42666462673652
id_rm817jen6a,18.375245195425833
id_l2wquc1lyf,18.32453292261927
id_f2ayymfg06,18.32454275267088
id_2xwro4u4ib,18.32460350171598
id_s4gcy5ldea,18.32453400146567
id_llxl5vedjd,18.324571989291666
id_ra9rzjf8cs,18.32449716914539
id_06it7wxay5,18.467570918503636
id_p358wai3ar,18.467595103463974
id_63q6x7rc50,18.37883251147539
id_yrqlregvfr,18.378641178009946
id_6ey2mcbqfl,18.417980837239277
id_xz9gud04ug,18.388562078600916
id_upa56c1xqo,18.388532630520825
id_apci48cec9,18.38849251694274
id_ivaqozbhfz,18.40400815456534
id_5r9lkzxt5l,18.403931257495735
id_q9fyy5hlug,18.40382861381093
id_fia47n8arx,18.402677520676953
id_c8ytbvxreg,18.42185616303033
id_715d169b93,18.421828322073743
id_i41soezu3u,18.335032470492173
id_ghl9lkmkbc,18.334927229020337
id_jhwg78mhs2,18.33488835334467
id_mbp1opp105,18.41830360977698
id_tpecaex89x,18.479338243788472
id_gkqkcuvhn0,18.472393118248096
id_jl7cx8vnrz,18.472462222906767
id_z22ai1ufxc,18.472471130550634
id_cf9eqd8nio,18.472431262477894
id_4nvfqr7bwz,18.430940131939114
id_styx2evpu7,18.433197090182627
id_r4qfxsd6qk,18.433123570310144
id_6ula6jqx2d,18.433130846960868
id_ab11cvvhj1,18.429992426335314
id_lru4a7apze,18.437165809731997
id_1h8qiqvba3,18.42697989389619
id_jocn99q8x8,18.426922769101516
id_yqd8by9too,18.426768965771423
id_3vo780asu2,18.426743197884303
id_t8qspqxocv,18.449733843304926
id_fxt49fthrg,18.48768432465386
id_9hsvvxccfs,18.487731145977747
id_mdox4e1wm7,18.44165054124338
id_e0v37gnrdc,18.33800285465933
id_4higx88y8s,18.41269040007435
id_dzdczy4694,18.39531342155256
id_b9cls7es48,18.421234874746542
id_ii1b1vx3v6,18.42136913987591
id_qjkp2dhlfd,18.410990174818007
id_4tycdb5q0i,18.405388181195104
id_enssz42xj6,18.399952923786007
id_j2lnxkjgor,18.395648975031072
id_d1kz51qzme,18.395732823233043
id_93y706i4uo,18.402337734183707
id_uo33uxmu30,18.419200663193788
id_42uhyp7b1d,18.4493517902031
id_557lj2gncx,18.406554644337476
id_g646xm5v36,18.409490158255817
id_3u2zh5sctj,18.412252062979853
id_88m5txqfk0,18.455190351870137
id_636veo7myp,18.442590064213967
id_mw8i11x4p5,18.41747961659406
id_i01umxhgoi,18.417523243931672
id_7htzho5nfe,18.396154392207304
id_rqvyvvqjjo,18.44145038846002
id_3sw1g6ujkh,18.441605674893314
id_7koyjh6lyz,18.38150511121445
id_h33dmmxmxt,18.35819348942613
id_b4zqx3ey2e,18.39757183555025
id_rigbnum9jj,18.43193775829665
id_hwnk2tvpjh,18.456403260418792
id_3djm31ze2k,18.42946142867711
id_y1b1v2oco9,18.42947779425364
id_uiiqit3mio,18.429502109604183
id_qjv34s9tgs,18.362051277343667
id_mw1dkfs5o5,18.46208874781194
id_zgolsofwkv,18.419954683500563
id_gntve7cvte,18.419910392786658
id_mv1hwwypf2,18.376928842031504
id_66vowuru12,18.377080022787933
id_718x53xw5l,18.35484889868303
id_y5duq02fcq,18.412602460111195
id_nabflglwpr,18.414155393133786
id_m8gl9o5dbz,18.414107528733012
id_s0yzedmwy0,18.42762706866015
id_n4zpk50eng,18.427669242643496
id_bf0mqyujkg,18.427656882205955
id_db6l9ymytu,18.39966582574932
id_zzhsplt3ae,18.399768669256723
id_gxvybxvz61,18.363236645478246
id_2hrjgfgo5c,18.363224227261657
id_qnvbhvfvfh,18.410790181629565
id_f4j4e8toay,18.348779812330555
id_yh8x8izood,18.317579873943984
id_r9gbkhu2zs,18.31755913844718
id_hzuko4hsbs,18.317460495385006
id_4akcsf7v23,18.295270154824653
id_y4a4bry0za,18.29544442480498
id_juefa18khg,18.36190956330137
id_8pg965n9uh,18.361919335248494
id_c1qncxdk14,18.31087309886762
id_fxdpjby57j,18.332908586856377
id_maxuuv6qwy,18.332825004561045
id_hqp1zmq2rl,18.33273943475473
id_7mmcd60iqp,18.332848582842782
id_5f3qz4huj9,18.333415287153365
id_m6vn47j4ge,18.333260957471634
id_mkyjtq0uj7,18.33351901777913
id_dd1qog5gsu,18.333413091171966
id_yltiy4ct4b,18.42650395139443
id_l7g3rwiyu1,18.404803537714525
id_y0nex8ki95,18.338082334404568
id_trj4ropjy6,18.338108314546737
id_xkfnw0mcvh,18.33808148655024
id_j7zs6cpw42,18.338106376132398
id_o55nqbxkhg,18.42916878955955
id_l3neq81nk8,18.4290862156521
id_ft7ki0jjoc,18.376624308812573
id_1doie955wo,18.31676038128974
id_pap3jy3v7v,18.37804957989192
id_64zbc8ou3g,18.37785059275013
id_1ssvmd37d4,18.37846603034687
id_5i93sdabtx,18.41243431111976
id_5oej7jiuyx,18.412443217494484
id_es0jy27ww2,18.403033119124622
id_ze9u1sfrwl,18.404323011046863
id_3y84kki549,18.40436328729376
id_glm9sjal1a,18.474066486488915
id_kjp8dcqhsa,18.367418018453538
id_2s4n7u9qbe,18.36742915808405
id_57l2n9hbxk,18.36754903526336
id_0rmqw3hqow,18.367566517542507
id_uc46nrbgzu,18.427539579884826
id_zck6gqoy8o,18.384063663247744
id_4utcad6z0z,18.323826919658877
id_faw7vd63nz,18.319584228193197
id_bfmddpm7dk,18.31958628368549
id_zsn1j1j2ex,18.319334659667014
id_hnknralqvw,18.31930297895896
id_j3s4dhvwvf,18.319325935469948
id_nb9skm42eu,18.319755782684222
id_e30vibg2cr,18.319636284247704
id_hr07rxuwnk,18.467553478074926
id_cckgjin8j4,18.467455263616646
id_1igqyragk7,18.378733526933537
id_pbbqks4896,18.378641186075015
id_yglxjnnnmd,18.431007704199452
id_akkkm90ju3,18.379783021511862
id_pnw5qxgci5,18.379742338128146
id_ed8b146zq4,18.40638764829046
id_dog1qrt65n,18.40631075152833
id_4iko2mf9m1,18.406252578697444
id_tf16irhnxj,18.350526132660338
id_z8dbvb7mld,18.33340141663929
id_hjojye2bnc,18.442032814943698
id_e74fkffny9,18.44211618123282
id_96r4h4wquw,18.466201187786755
id_n8zuiv730d,18.466230654232767
id_q9sf7h6id3,18.421886426412655
id_1ahz3wcpza,18.402690454653886
id_bij6rb0yyc,18.333479845327872
id_rj67797cdl,18.333374680984335
id_nfgy5cs3i7,18.435950997619546
id_2gg9612372,18.41830334600461
id_rd2ycsqjqu,18.479338247540813
id_yhyq4hrrvo,18.472393124765507
id_cugq7k2136,18.47246209335307
id_6ztrbzwf74,18.47243126899523
id_b3864dngn9,18.43074811857111
id_fslinj6lsz,18.43319709670017
id_nr59rjq353,18.43332325802467
id_f937o9uhz5,18.433311033304008
id_pdm9hc9akh,18.361161850187646
id_hlaacmpdc2,18.395626997611892
id_43l5b3qppy,18.39558112464184
id_nhboyjouon,18.41430165686748
id_e9tjlmzofe,18.413588652926723
id_uep5kutr80,18.482428280919322
id_xdu2qkcn9o,18.44305642711714
id_7xqj2zy62f,18.41210038699468
id_d3txp6ww71,18.45598350009745
id_kpr41h1gl2,18.41345315030373
id_eeu9sw0k2s,18.395118958107837
id_c20q8ikv7t,18.44135305333049
id_g8oqjuggsz,18.44145164270521
id_2nq4naxlui,18.358041783064774
id_qny2l3j2li,18.456403265085704
id_vvea9k8tgz,18.46789741095175
id_t009are3zm,18.467937828301135
id_uzuka63dnk,18.462099043927054
id_rkhciqi5gp,18.419942865652466
id_9qs0u03sne,18.419911107959155
id_beoswwa1jg,18.369031828962026
id_6yzetfd0jr,18.369182946920724
id_ip144xmrio,18.414042683714747
id_y1jzpsul42,18.409570362932463
id_irudkpu9cg,18.409569714009358
id_43ve2f04z8,18.368511823029944
id_4gby11apzd,18.36852172176712
id_brzm1fa82q,18.301280158968254
id_cikkzszzmw,18.33279672432211
id_93uc5zchkn,18.332697823530697
id_n6z1o0dpy1,18.332739439407256
id_r9li959sxm,18.332807039121654
id_om1wxt4lrr,18.332524018643053
id_kj1k62c4hk,18.332411305311638
id_x9m9yvh87r,18.33266164514969
id_xraq80851o,18.332682061393296
id_hs3bu1nmse,18.433291126356583
id_w183sk05qy,18.40479632741777
id_ctdw7mpo2o,18.33711533409653
id_ycnd040s0i,18.33714858186977
id_bhghd6qnsh,18.337130316412807
id_yly1mkkcmj,18.33714658376348
id_bhcer2s6k1,18.429829976047838
id_ts9g0trocv,18.429710419076873
id_1qto62qavh,18.37662476623726
id_0wajzy8ts6,18.316543515489585
id_wpu97wbqk7,18.382224102609126
id_zmyx8uismd,18.381978553279854
id_nlxvai48i7,18.37964193887506
id_dkdt1jrmsn,18.412434471040513
id_8kq3got9a1,18.412443469245787
id_lr3rz1e86g,18.41138609636334
id_6kzxrawpey,18.404322905782017
id_xwyw71ldzx,18.404362982970966
id_kkivrvc6dv,18.465440615650092
id_94wuxmw8rb,18.393701167014683
id_3q8sdy56bq,18.393712427707843
id_oc2m0zmgnw,18.39378067720218
id_pwx9pelurg,18.393797979040414
id_acjbfx8dti,18.432306893860765
id_eum8a3klcq,18.46685212969079
id_is7lidy1mf,18.323636341051458
id_3gzqnrpvj1,18.323837896403656
id_tgs79jz18s,18.305439977501432
id_1vuxj43b5t,18.305129378718217
id_0li1v5bnou,18.305190282133925
id_2rkm63c28h,18.30528299948127
id_u4ue41ptfe,18.305121031703877
id_hqm9ncx8e0,18.305158824959754
id_nm7ygb4b3l,18.41333882286631
id_jh45q5uczs,18.443700381071867
id_8wae60vl8s,18.443761669235336
id_oew1wkaotf,18.4181015708153
id_2blz0nu3gr,18.418113185909306
id_8561e57ms1,18.418202127823108
id_6l2yazaml7,18.418182606830346
id_u8x5imye5i,18.406989234610123
id_3n4fcuig6s,18.406912338909297
id_63yqksu7g8,18.333515808217626
id_vr7oawtyr7,18.333586253330594
id_hucimtkqcs,18.451313068956537
id_en1o2lrl13,18.451437385492227
id_7unrf37lps,18.451357836674575
id_airjz9ye97,18.451329664107444
id_scnvuwxqzg,18.418888411296066
id_e660aintu0,18.479452475797512
id_xp5zllo7bm,18.479469527038834
id_9vmhojq424,18.479417871608
id_1qhlpx2pcm,18.430859463637166
id_qedyi4kq32,18.433311450668793
id_vyxdm338eq,18.4332478822348
id_g2ct966v3a,18.433414651829818
id_npft5kn5zd,18.487568284532593
id_d9roa39323,18.395237808090833
id_7jxotkoa6i,18.3953669473819
id_io83k3isds,18.410729568546124
id_0phnbrqgvq,18.410749369655417
id_8fhskk4v0o,18.395750439478157
id_jmark42lrd,18.410021049593155
id_4uoyxutrk9,18.417200435535776
id_z3ne71faqd,18.479583126431056
id_3lsi6od9kk,18.4095804836343
id_wnmtya2xe4,18.396109252921978
id_kxpxubm2ks,18.456403269753025
id_jr62xr6pn0,18.43420687139652
id_i1ndfhbqh8,18.434222357808633
id_xbzzfn775f,18.434247012192856
id_2jgxgek3pp,18.362111443955914
id_cz0j93tjn1,18.465349743112416
id_ibjyuosq7h,18.430597068094023
id_qdj44e8qxy,18.430461932176566
id_pr6ybzbo04,18.368225414928666
id_6is3wqphrp,18.36837624104452
id_a19c8qy624,18.40221289831233
id_fccl3r4vhn,18.414571869071985
id_lpadx9ljyn,18.414552721739003
id_yrlxid7w5f,18.400440281859066
id_iyelznc712,18.40043458757903
id_d4zyhlrp7i,18.40034511743817
id_yamlzhxpzl,18.369789051810557
id_69z3k5udxl,18.369798950682245
id_250ilall7a,18.29829032727404
id_5oh31qlbqd,18.332749074089556
id_g0pt3qxex9,18.47903537268014
id_wecofpgirx,18.40273021470023
id_srbbfyzb4y,18.402798532696014
id_9dwlszpc6f,18.332015870142268
id_rx1c8t309y,18.331903336077353
id_ihc33303cp,18.331920633779752
id_efyw9jlc2d,18.33194091637827
id_r4qda17kgf,18.332002161769896
id_ztkiuvq97m,18.404851275391653
id_57vj6lphyj,18.333789095609927
id_1a219llt0x,18.333822500404917
id_7dum8n5jfs,18.333805963998678
id_mprnfw8jby,18.333824425396095
id_4kwyl8vwk1,18.430321097739732
id_hkd5b8lkry,18.430239833399526
id_ugse3zoarv,18.376832968268417
id_2mihn0ik0d,18.316559974168534
id_eq3nj1bw4i,18.347628482760218
id_eztbfv2vvq,18.347503066689296
id_j822qt24o8,18.347522303844315
id_nyc1n6dupk,18.3475297886193
id_5rfy4jo9id,18.34754831822083
id_z30ciw3guv,18.409564765657514
id_cikel8zc0d,18.404763920492442
id_pn6ira1t7j,18.404794645559207
id_etyxjytmkl,18.47296470632151
id_vk4ybuoyry,18.39826859049651
id_qm010ay0yb,18.398279874026066
id_ufglp9d8e6,18.39834454241825
id_vfxihvxog9,18.398361897292766
id_gx87k11mh3,18.43054253261323
id_5yblexf7zp,18.43423907193377
id_h24kmkoube,18.323636347806136
id_x3hkwvtuum,18.315482291749806
id_w5yebgnpv0,18.305439984251514
id_0sqrmgfxq8,18.305129539050554
id_af7sxbklj4,18.305151162004467
id_hv5isckfyd,18.30519048867479
id_ghg0lmyh5v,18.305283006231214
id_wpckthcmjz,18.400508873564497
id_u8j139024n,18.400408597635973
id_1jadvwi51a,18.40044671293118
id_1gm8yzoyli,18.400469704303333
id_qsbblt5w3q,18.40089938929228
id_51h39wnp4b,18.413338910408633
id_ny5f2xtwmp,18.429177299527808
id_3dhao9xr06,18.42908119002008
id_wwcepeo72q,18.42920237448364
id_aekpxa9j8r,18.429272128278853
id_hlshs2v7p0,18.429081685212708
id_csaw4okqxs,18.41810157808237
id_a57xn6b266,18.38925563454837
id_v6zbdry3ae,18.389344410445364
id_mjgt3wrumc,18.389325149202634
id_rb71ryy76k,18.400816944320773
id_rzzwlgdruk,18.400709465557423
id_bg7hzhz9s5,18.40075454337746
id_9f0xa0vpm0,18.361248694835446
id_x19qug1u9n,18.33351581497452
id_neebsy7lt3,18.416173017960084
id_k5jc67rf2q,18.41605820894399
id_6vw340icrq,18.416142491747053
id_rpzdo2jabq,18.407558481038915
id_3m8w0ho783,18.407532425083982
id_2ziuzg6bnw,18.39282711550857
id_4hps6472o7,18.410887421421915
id_9cb9qenzw7,18.44225390357175
id_6rvd06xnhq,18.44227236631121
id_22gpyw7j4j,18.442274491221298
id_970drtediu,18.3864000098186
id_oec1w7ootb,18.402791933374
id_7onpirv1s3,18.414295068573324
id_8rt8qfy8h4,18.427045271750266
id_e69vc06bss,18.42716962321666
id_7dv4xh47cy,18.424400368772602
id_vfx2x5hc15,18.383542909119516
id_ljvpa6cdtz,18.333594220997927
id_faa2v5ox7q,18.42780315693435
id_t6xdbl4ne4,18.42773734644706
id_r2fdbsyh1n,18.427686506020997
id_jhwi52u0q3,18.418265811689476
id_55pa9g9m9g,18.479452482566025
id_u347bmckbj,18.46817673467312
id_3ygrfqgttc,18.468245196907862
id_z7heeojpzb,18.46825423940216
id_utgueavnmx,18.46821488202425
id_h2tqqtxe1w,18.43085947608403
id_mrdqqwst7r,18.433311457438506
id_5053tusxc6,18.43324801780881
id_h6t5tbsidc,18.433255009870113
id_4fs05d28s6,18.413858347075003
id_qye7jwpbs8,18.437288505158513
id_um00ew0g1b,18.40501516568506
id_fzvy60mdma,18.404843753012234
id_l7u41q4cr9,18.404744530547177
id_26og4v2wx5,18.404719183979086
id_b0a1xu6nu0,18.449733027486154
id_xumsw5m3ip,18.487691784097972
id_3ftig6nrpk,18.487724132880743
id_0ejl66y98y,18.43634582168166
id_ph0mqd3qdu,18.35269590120329
id_1j21vhuakg,18.413019018846477
id_9b866t3kcl,18.395350694421104
id_gm3rhu9jak,18.395277900256854
id_vldjdgbudl,18.395416261115923
id_sg9gnw6j9a,18.41134423077355
id_jy6wca6oh6,18.405741794550636
id_lgnofy6syn,18.400307015670926
id_g1j9pxh5yp,18.396003081054612
id_xoh80ei36j,18.396003279676172
id_g4idr9b72i,18.400473274072052
id_b7cn1tm7jw,18.4174548799577
id_3kkfl60mdt,18.426237145016543
id_3cnzembvt2,18.40689757536484
id_qh3hmxe3vl,18.40983308494415
id_dm2ngicucl,18.408457943912616
id_0pj7rbu5pl,18.39713170711177
id_0b7len9grt,18.427666213393955
id_lkjbthp6xi,18.394193611442812
id_msyur8bama,18.394216934102243
id_r6b4lems42,18.39648099091338
id_tdtmvz23p5,18.441869448604304
id_ucg35myewu,18.44193403512288
id_cpu27o1708,18.38145004593109
id_8g3bfwtmtc,18.35853610104881
id_lvwrewueod,18.397914422429846
id_vjr52dclmq,18.42578450172226
id_74lpfoxs1u,18.456403274419824
id_51ipsqq6fi,18.42947357719504
id_rgv5vz1wi7,18.42948906293018
id_xukt8h1854,18.429513716651027
id_pvjuaozpis,18.36211141900142
id_dpstb14com,18.465349416655393
id_hfo34xjax3,18.430511274056023
id_1xcm67i57m,18.430376026371608
id_5w78ao9f51,18.368225419587677
id_wjwp5bnl95,18.368376365914838
id_q29d5fhap5,18.35561978357288
id_stpxgfh6at,18.402212964133017
id_lp5fau1v5t,18.414875346886365
id_7oxqpk7s41,18.414890907817487
id_4dnmn33ra3,18.415332674054152
id_vxnrc9eyhk,18.415386965471768
id_ysrrbwixap,18.415374440975157
id_yhfx1lpevn,18.33826012699413
id_c6a44pvjv8,18.338430865906478
id_s9f3ml14cj,18.394652792181596
id_d0w9c0xp76,18.39464111916829
id_a9fbexs6qf,18.409794976130783
id_9wzfhpw4et,18.321029296428236
id_ryi27ogtvv,18.312191925657476
id_l4fl7gcf91,18.312197838769606
id_tkvbxrgren,18.31210506662653
id_1wkfcd4q6t,18.295330051447834
id_mc88pd2apf,18.29550390128431
id_00iv2sgwb9,18.36997791101344
id_e7lfbanu92,18.369987809832597
id_1mdkr0dgz1,18.331515524135888
id_evzlq1bdq7,18.33296878219012
id_0fzcmep80p,18.442203704078754
id_dwd9xbd5ep,18.402730219363544
id_845jje9evg,18.40286871140497
id_cbrgljomk4,18.33208606441183
id_xadne3g2dw,18.33190334072972
id_fdlsm6mg2z,18.331920638432095
id_r1w2mcb346,18.33194092103069
id_1c24ja9jag,18.331997512488705
id_h1v0nwz453,18.404846649904332
id_igvjbr17my,18.333784446824545
id_isnin8oj7j,18.333817851642216
id_lts441t4ge,18.33382001779671
id_7k86unkgbf,18.430321225487916
id_xs2ivx2taa,18.430239708174437
id_t8pxhu1lko,18.376685413382692
id_cncxlihk4l,18.316559849961042
id_u3n972yugw,18.347628487415694
id_5dtltk9ol8,18.347503071475444
id_2d4xbl322n,18.378517652375542
id_6ayd3hz9lc,18.378497660101807
id_fhedgc4ogi,18.37851604560224
id_je6xyskvqt,18.39944307200869
id_uqplr7i3e8,18.404337070417053
id_p2mep9skjf,18.404393326480267
id_klmztpbnj0,18.398893054522606
id_w8masqptnv,18.398904338197827
id_uqe5p1fz8i,18.398917729431393
id_vdcliffox0,18.398934972514667
id_suphbrot9x,18.42660737718886
id_qsl9hh9hbt,18.362683160785643
id_cu85lbcwzc,18.323864457155988
id_p83lwl7p4d,18.32406601335358
id_xnvv8228h2,18.326303771622165
id_t8sup9cci8,18.325992711093953
id_ryshnzfv4d,18.326014512890797
id_h8xe0d6wnr,18.32605345857626
id_y3i49rn3cl,18.326146143229558
id_q2e9lqyx5a,18.482076717040137
id_rxs1idu9rd,18.481977047149215
id_4oegd66w25,18.482013391816484
id_bb5wq93x8f,18.48203637464992
id_52ecm6umwm,18.48246623448517
id_8dwwuytb5v,18.413566797390853
id_zzjc7k91lz,18.443928380353313
id_13zklidhjm,18.44383227940078
id_3987oyytgm,18.468346480469684
id_vrhp90mg8w,18.468416517742973
id_qxd7crl1kv,18.46822691957386
id_c3yqmpgirm,18.431364540944248
id_m04u0g3jmm,18.431375654072205
id_oh231618a0,18.431444631687842
id_mq7wn4kpnq,18.4314508268413
id_1s9kt1d46m,18.425387556543008
id_o2jovbwixk,18.42531099138611
id_lbks4puqps,18.425288049848614
id_s12qsk2fm3,18.425326463435898
id_oy724ak7cq,18.350905117081687
id_g27rgw6pl8,18.333743952949426
id_uvlutbrlhh,18.416401137023357
id_uejyos5gh3,18.434784342603574
id_9hys0algtd,18.434868319621884
id_ga16h299c7,18.434784751697794
id_gxrrg3cnlc,18.43475886480083
id_7mz1vu7g4g,18.441361981970527
id_g2fmh836nu,18.413353205640227
id_yxk6h4ayeh,18.41336461166634
id_unsewqvn1a,18.41338290601364
id_1e0dh5jqvo,18.41338491738844
id_ieyz0z6h0w,18.399118146264406
id_t72jq7wg7f,18.42247125952625
id_h18rx6y3e9,18.414630324858553
id_70v67oh9n6,18.45154104859509
id_jmw9nldr1w,18.451722374821816
id_484spy9w6i,18.42468081547306
id_g65c62aekm,18.404008904315745
id_wv3teofdra,18.333822360671878
id_inx7pj1zao,18.416097502507874
id_ny05t5mh1p,18.41603257531719
id_u5tjmpvirk,18.436293401890982
id_svoeh6do9g,18.420361700161973
id_m25fiokemr,18.47968027698715
id_ot5b3e3mun,18.465205556991737
id_ssjjy0d17f,18.46527414709197
id_yru4k5km7g,18.465283197975182
id_gr9x49t37w,18.465243385565437
id_dmyl2a0wte,18.433519145842144
id_hc5646p82r,18.433467004767575
id_elm57z8vqj,18.433474177492037
id_u0fstcz8di,18.398639237418966
id_qttfy8k8h4,18.4358542465885
id_o3axo0etr3,18.458373644643597
id_2q9jp9vnu1,18.458316843807005
id_q6ms0le9xj,18.45823130102322
id_f93eoya8id,18.45820593795177
id_hueq8wmyii,18.458160319642637
id_lf0lyj77n1,18.48732714922583
id_luf77c9for,18.487422169301205
id_d0ssfcbe7n,18.44200654973829
id_qec98cuhd9,18.374741409523825
id_kj1jee85qf,18.416715314464486
id_tegcy3ymge,18.395388575097037
id_qtt1ub0cqr,18.4215773730959
id_f0n6fd1fzf,18.42171562282011
id_h1ar66egyc,18.415986873439593
id_81jnrshsul,18.41600672011406
id_jcg12akmp5,18.40030701293346
id_aq2pxbmh6f,18.40791294140228
id_e0qqf76fzh,18.407912891761338
id_wg4g9os7j0,18.41422942239629
id_3oodaxb9y5,18.414681723466995
id_kbmagd8awo,18.482446245357643
id_j9h3i8oh4m,18.445539139258496
id_hasyime9kt,18.446582358785896
id_sp1rci8n6i,18.412006788659575
id_pyl3gv21d1,18.471646284384626
id_qal583nrjb,18.455962841688837
id_0jahn21yg4,18.400490554154768
id_cdgc01qbv0,18.400514720373927
id_i6rcrq03t3,18.395160071353942
id_8u55jf04b4,18.44137548402535
id_m6pipj4ki2,18.44145740043972
id_gy8s836zbx,18.385376480316094
id_0uh4v68wol,18.35804122265913
id_7fcx2np47p,18.39788526134235
id_6wr20e0qhu,18.41586874046558
id_tof6i4dxr8,18.4564032790865
id_k9y121i3q6,18.468941214661953
id_ufnloy0p6l,18.46895669708103
id_bmbz4ag2h4,18.468981344281325
id_66fiqi3hb7,18.434201058455372
id_ao488ekn63,18.477710684506235
id_qa08032ux2,18.430536517911424
id_dksj4loxk5,18.430411543018874
id_xcnbk7we8b,18.377681743442878
id_d01xs14b12,18.377832285280203
id_gtbikppc9b,18.352991376711977
id_vexdtontsk,18.402611965988182
id_i2u4lru5pj,18.41451138434005
id_jd4dzel6u7,18.41449064290455
id_lpa9r07z8b,18.39890680672004
id_51jaijw22u,18.398962220292788
id_banl3q7xba,18.39894945742936
id_vutwngujan,18.398800031255533
id_8ymb5tnc39,18.39901292426493
id_5o92himecd,18.375822515092775
id_j65gxna4nx,18.375810699823223
id_ox2wsaw3ia,18.410981390545693
id_k2707sckem,18.3122676878504
id_mpj0lnxacc,18.31227244148193
id_xp21rc9wlj,18.312147769816555
id_95qlrnfn3m,18.295269776674317
id_jjc390qqbh,18.295443626022863
id_5q6ntj5feu,18.36905749724165
id_ulrzxc6or4,18.36906726731402
id_wyvwl4bqdu,18.298418731529065
id_f5b42pbalh,18.332296230597432
id_3piuxvnarz,18.479187065179357
id_ujdq27dnuy,18.403056322343794
id_o3842mf5fv,18.40312442968822
id_vt4p2wegs4,18.332530107051184
id_z4g1p19t95,18.33241757076881
id_bhmbzfmckd,18.332434868720426
id_lx1nwyvve4,18.332454636917184
id_4nsm6zzd4h,18.33251174427658
id_9jra8eod1e,18.40394039206477
id_qbc2s39kpt,18.33372413025603
id_hwtnn2m6nj,18.333757534777863
id_xmn0zn0jvp,18.33374093533554
id_5022yedndd,18.333759278400315
id_wdxog5yev9,18.43029267380538
id_aokky0eeqq,18.430179534128488
id_1929ukjz7m,18.402490554517264
id_6ezdibfpl6,18.316499676768988
id_muark7nz6q,18.40962504177855
id_l6s3otmx1p,18.409630729340297
id_evzd01c14s,18.409703083510117
id_h40j4g6lko,18.409555929277456
id_kn6e9u36j4,18.409564875088172
id_8j6zj2o5v3,18.43916938930596
id_mdql0oe5vo,18.40485923224244
id_0ejmzowt7c,18.404899509657
id_l7koi9bqvu,18.465438593185855
id_zq9peruavc,18.39820295036892
id_w9vfge8zvy,18.39821423391814
id_m1u3t8z35l,18.39828399709617
id_2akds1jali,18.398301575627034
id_wejvfo8xac,18.433809356871798
id_wdhrtx9pfs,18.4766239382482
id_f63m71zrb3,18.336929437170394
id_o0xatx0hcr,18.320758480135282
id_96xc5f8bgh,18.320764946237
id_0t0yv19f1q,18.320849402740027
id_dih5frts8q,18.320849231066013
id_trmmfm32qe,18.320693628223115
id_hu3sq815oq,18.320730005037188
id_cxfmqit9ap,18.407862656641704
id_7izfmpd326,18.416602320546705
id_qd0tkswd2a,18.41674426895161
id_otlb3hargz,18.416814881843276
id_st47fowvrj,18.398122160078568
id_4h4pdth392,18.414077629318015
id_g8trb7wy8n,18.41408845790965
id_1wx11gvom9,18.41412646812152
id_rvq5ol3w4x,18.414113496062466
id_7sttnrbjre,18.323636357107258
id_pip7eoyzmk,18.315482301047563
id_lb56ukrqt0,18.305439993544386
id_0hyearkq6o,18.30512889582202
id_mr6v3oygt6,18.305151170866665
id_yzbu3830gx,18.30519049796771
id_94p4j6yomt,18.305282548497733
id_53xsefo8ab,18.40050866227667
id_ymuv4r55o4,18.400409490357184
id_nqkiglgq9k,18.400443574140333
id_q6e19plrfx,18.400466565156304
id_poxowfpijt,18.40089939861825
id_qgt2oyneg3,18.413338420658146
id_kr9teempq0,18.429177288751568
id_q43rzgs3e5,18.429081199067006
id_uk0j14fgpq,18.429202383814502
id_h45ejiaqqh,18.429272137609992
id_u08b48hrcu,18.42908169454383
id_jdgiv3t50o,18.418101587411794
id_8h5gfrz1ja,18.389254989804435
id_mslk5ay6w0,18.389344419768737
id_y3hecd28lq,18.38932515852584
id_9cmmjowuen,18.400816953646856
id_3clagfxagj,18.40074006665919
id_8sttc3ns1m,18.40071519779551
id_uv4kyh58kt,18.40075745682721
id_zmu5hapnm7,18.361251603138076
id_ybt3e2qbt8,18.33351582427983
id_yvdig97vvd,18.416173027289048
id_wbsyjlsxkt,18.41605821827303
id_39gbv940fx,18.41614249835104
id_78sb1wtf1t,18.407547594227726
id_o191u62lgc,18.407521538278775
id_na0qbpl8m9,18.392827124832756
id_daa5h53t2o,18.410896171851654
id_z1zg8tcsm5,18.442253909667535
id_dkvf88hlsn,18.44227237240703
id_qltsdtf4pb,18.44227449731719
id_rcnbilmlv3,18.38640001503359
id_rjcx3o5cyf,18.402791942700315
id_dcvlcfgert,18.414294821196588
id_jujywo4op0,18.427045280665922
id_dgbg639yj9,18.427169575480473
id_rifhty9d4h,18.42440037584398
id_4cz74rv8a0,18.383542918192468
id_rjuh3wooi0,18.333594230303227
id_26raoqfw3b,18.427802309460613
id_yleyy5sp4g,18.427737355777776
id_7lq42pqlpp,18.427686515351642
id_x2m1scwodc,18.418265821018707
id_fs6ppj71si,18.47945249190035
id_0kq8v62wnx,18.46817674400733
id_qrf9ul8pfd,18.468245189716217
id_7k9rf681ac,18.468254240305367
id_0urpsxojw7,18.468214498406503
id_oj7le10r8n,18.430859284668884
id_8w44b89inq,18.4333114667701
id_jooksgf7r5,18.433247299817218
id_zjwzzwzjvp,18.43325463777913
id_hit20lvy91,18.413857975041726
id_yjzrxrwvr1,18.437288133060747
id_ba1airy6ru,18.405015175011965
id_fatkzdj52m,18.404843762339148
id_h6j3ijc59m,18.404744539874063
id_r29rhi7ayb,18.4047191933058
id_n2328yoyny,18.449733036819556
id_2i3htqk8wu,18.487691793432116
id_y8t6iz10zy,18.487724140949677
id_j2xlsmt1az,18.43634575100018
id_zul4loljtn,18.35269581252339
id_5lfy1u1m5t,18.413018986902895
id_4r448lp054,18.395350662480343
id_ks3yurf69t,18.39527790958166
id_xlx05ev9ep,18.395416270440617
id_ybqhvfmvb4,18.41134419429581
id_osbg0v4o7k,18.405741803877653
id_34amm2jgt1,18.400307024996835
id_651jn1ycqz,18.396003090379445
id_bjh20jwc0s,18.396003289001005
id_ev56qyrn6d,18.400473283397766
id_8zf79ts7q8,18.417454878475844
id_fsat380gb4,18.42623695131531
id_5y6h6w77t4,18.4068973678151
id_ux3m69xsv5,18.409832891425257
id_4y4b5x6oqs,18.40845775040898
id_4cmqu4avth,18.397131716436768
id_gd9bm0av1u,18.427666222724906
id_wkp093zyqi,18.394175591289418
id_ubo7o5c61g,18.394198913981214
id_da2q2o7k02,18.396462973613158
id_sfcmtklyr8,18.44186945793652
id_qon3ototf6,18.441932684246044
id_b1pwwzubs1,18.381450055252326
id_idrbyq1iwo,18.358536110363254
id_eo5tner8f9,18.397914448566745
id_dsl16jenz6,18.42579721028954
id_v5frf00iux,18.45640028080107
id_tijwl63sul,18.429473345109727
id_4nertyfo2z,18.429489188825265
id_1h3y0ycsbh,18.429513725982073
id_5ew52k2xfs,18.36211142831731
id_c1hedne5tu,18.46534942598956
id_drxgi1b55w,18.430497230499306
id_b764z0tp5c,18.430388675003652
id_n3ksb769k6,18.36822542890538
id_jvruvalbrm,18.368375937602163
id_qv4ehj6p1w,18.35561956984597
id_jxdgurw8vk,18.402212749722874
id_2ymafuhxw9,18.414875132471725
id_xgqoe9srqb,18.414890693982972
id_swi6t9g6aj,18.41533159829378
id_ttjz1pj6fm,18.415386974800803
id_8xv38j3a4z,18.415374450304046
id_yrqtamezkd,18.33828793538653
id_dzmpo7xtkf,18.338430875214005
id_u98r20l7ih,18.394652801506446
id_15w4tm2lvc,18.394641128493067
id_f2rhz6xl9n,18.40979498545848
id_so3qn2op6b,18.32102892718649
id_j5evcz5irl,18.31219174061144
id_4hfhscd1n7,18.31219765372357
id_akaaqo1io1,18.312105075923192
id_677lexrm68,18.29533006073639
id_4555ud3olu,18.2955039105729
id_b0q1fq9sgn,18.295524163135465
id_lbljktjgzg,18.331515533440616
id_ph7h4vs00p,18.332968791495563
id_8k0yeqq8re,18.442203713411274
id_0z3pcoyibd,18.402730228689997
id_riellbxfqz,18.402897474495074
id_22067fyb6o,18.33211486896407
id_fcxnbnpbtq,18.33190335003468
id_058r7cipy5,18.331920647745736
id_58g26ly3b3,18.33194106659812
id_hfta2jdk0t,18.331997521793912
id_l0z16v7e6t,18.404846659235172
id_z696ot1p1u,18.333784456130267
id_ok22kq81e3,18.333817860948106
id_8c4sb9ee7u,18.333801324524018
id_j83bo3ks17,18.3338196058017
id_8vcb1z1tah,18.430321018596775
id_cfy6d3jhx7,18.430239847396464
id_krv1ca6cfb,18.37668555216741
id_3d0miob1p5,18.316559988116037
id_iib9ayuluh,18.347628496726728
id_t5k9sx5xqf,18.347503080786392
id_zkw0mo1z9v,18.378517661696456
id_sjwqgvoa6l,18.378472943001764
id_vzxomw7xu0,18.378491156278333
id_ig9ksmea4f,18.39941830868995
id_p70jdvpgtu,18.40431230144879
id_m0gtw6nh7p,18.404393335806947
id_i0y6y5f0km,18.47412675799513
id_hyf3spl0wf,18.398841676830724
id_rshwplefjs,18.398852960778143
id_3b0x2a5kdq,18.398916965280062
id_7d9vzan37b,18.398934981840597
id_1ma4lggm82,18.42660738651936
id_pym8ooemqb,18.362682972949163
id_hc62abtu6k,18.418957138904346
id_r8r0rkheji,18.418931267426366
id_xlindtdnz2,18.418795811043776
id_lnjrpbezhk,18.41881499189704
id_mgtu4ilbfd,18.42462382504619
id_5xqaypkkvs,18.375347658085598
id_w3so8j4bv7,18.333822374387722
id_7w1zp8cjcn,18.41609619997223
id_67uys7wrv4,18.41603095482971
id_r17gddig0j,18.41598040431335
id_e3vuqck2h6,18.47968276276274
id_fhszavu8ax,18.443879960208957
id_luamixbkgq,18.443894396967533
id_kqm2f56xwc,18.443915519203006
id_zyxetqm6wu,18.431090412504325
id_dz8pj6oclh,18.43354248972922
id_adeyv5o4f7,18.433513686704483
id_fz6qqj1h1a,18.433521024760665
id_n87wj2ambh,18.41408610379961
id_f70k3emlx3,18.43623109201349
id_vgoievdbtz,18.358898700790977
id_zh20dby41t,18.358770093534
id_8bvi6lu9pe,18.450075335974358
id_q160zgg9me,18.4867962958209
id_4626is4jb1,18.48687227474383
id_yb12y6lzfu,18.43141064773572
id_q28sbilqoc,18.41362120767756
id_tum04j3i0k,18.41347344538732
id_rmvr6nrclw,18.41357484726544
id_htvqxawa72,18.413460997326652
id_fz1uc4v5j0,18.40042174580275
id_7b5p3b0df6,18.41740341222481
id_2g79ep4pkj,18.425481979788493
id_iqortjdma0,18.438656072676412
id_le8f4g0pzu,18.409790372897366
id_ekpzp4t5c4,18.409611423861133
id_gesmljsvjr,18.397041566847
id_psei1suku6,18.42262107324007
id_hqwm0196vz,18.392029438380927
id_69rxifzt35,18.392052702719155
id_4o96zxaznr,18.396370543290484
id_3wrfo6380m,18.441779366008543
id_1fty7ttimn,18.441841745855612
id_c57ji3ham6,18.38129609686195
id_wvw6k6vp72,18.456397818776086
id_0p1s7vp852,18.429472736105616
id_b52rchktoy,18.4294890774642
id_xgf7g7nfe7,18.42951373012512
id_sm7nxaxevr,18.429660763937147
id_pyl58w1gtb,18.430491218539093
id_nqbx4rommx,18.430477807667966
id_19wzlmlzng,18.356332604754126
id_z1hdqiwyma,18.40217592574621
id_5mgd2i895h,18.41500746166497
id_60a72t2cay,18.415046677493823
id_a66evs0aqw,18.415350859474543
id_iuiyr65rvv,18.415406235769442
id_eaknqbzf77,18.415457181869684
id_stb9gc066l,18.415408165169797
id_qaykme2vjm,18.40949205333849
id_dt2xwaz5io,18.312225257345514
id_733wbi020k,18.312290015854625
id_m1jmaidc1m,18.36997792471167
id_iq7tgns55s,18.36998750306498
id_fyy6i6j06h,18.344632710592407
id_anv4htdeo8,18.332658533251333
id_f1xdbych81,18.438001991376755
id_vjajvq9znt,18.40274240568337
id_sqcw91cgln,18.402943509711267
id_w0kn8lsfm6,18.33216100136685
id_d0y2cmg99p,18.331903106369445
id_c0lde7ws35,18.331920319150896
id_nkpuzearf0,18.331940312240114
id_dny7wqpwsi,18.331997525897435
id_mut5ylxif1,18.404743275278946
id_6v6apoias7,18.333784460234174
id_aanbewd75e,18.417469756187863
id_g3wrkoouk4,18.417453121887164
id_nwndwrpf8o,18.417472127576218
id_21ug002h0q,18.43066680484398
id_pd01tyg62p,18.430572505666383
id_wcb0ckggc7,18.396892668671832
id_3xfe9y6qy2,18.316559992216654
id_sg7nyshurw,18.347628500832815
id_fl01fpudeo,18.347686490405593
id_oz6t207lje,18.34770643928053
id_yq2em36nu1,18.347500575984398
id_fe0mlkkqtt,18.347518793176402
id_1lzokw7hi1,18.41543657338167
id_1pgeidv7p1,18.404794995659184
id_lbrv1ljzfv,18.40492617943965
id_ws4vk1maeh,18.474124058941946
id_lkjm5o21jg,18.401953084384715
id_esgom4jjh0,18.401964206928394
id_5wgz7hxu3q,18.402027523266604
id_ce45fi3i9r,18.402045540656562
id_e0fmjam36n,18.416094289982375
id_t9gpc6cl08,18.354541652765434
id_kmohqwxbue,18.31161343091249
id_dswkvfgg96,18.313949164536474
id_72kefc7g3s,18.313955236087377
id_fsdqdwkhec,18.31397751806943
id_yaf7kh6asz,18.314015961846206
id_d3xd7t76g8,18.31410878420363
id_ekxnkkalys,18.40050867160253
id_foo1qhnhh4,18.40040949968313
id_4gaub27eaz,18.40043998024487
id_u8ysh8pwg1,18.400462971258555
id_zwxals7wca,18.40089940794405
id_qs4s1l5v79,18.41333842939539
id_k5fj3oay3x,18.416048281245917
id_3bwp89pu3m,18.415942721221143
id_e9eglkp5vv,18.41609541397667
id_t4qjrlzxns,18.416165504177552
id_kn8xo43og2,18.457269346203923
id_48859izqh3,18.418101596740797
id_9967xanbmk,18.418112710115686
id_eh3ys96anu,18.41820184110789
id_5bgqsh9x4k,18.41818186335852
id_jwouft46is,18.399705745316133
id_3ck9tvimgh,18.39962839311633
id_n6s7duali8,18.39960770053661
id_6kgl1almmg,18.399650783298004
id_gxefptsqvq,18.36125591945715
id_ygnr1sn381,18.33352277238255
id_v3y11kgwad,18.416167458092797
id_q2fgzp3xx3,18.41604571054088
id_s7k292eya7,18.41612938127958
id_jt2rysim4p,18.416045745980426
id_yn9vzuflej,18.41601986948917
id_362cko5nwx,18.392826906399176
id_d9dv3lr4k1,18.41089618117959
id_10un4lyvek,18.41082474183919
id_z0j05634v8,18.410842898511795
id_txhxlogsxn,18.410844810477187
id_18c3488pxk,18.380241018329386
id_la1ypixght,18.39857626943127
id_t9njgxp6v6,18.41430689840272
id_b8yn1i9rx8,18.418586883558216
id_o2y4vg1agv,18.418710842842284
id_fvx3zhir92,18.42438666016604
id_nfj7rfs9a1,18.42428198154599
id_b9q3y3r7t3,18.424181452772668
id_yio3jfuvmy,18.424156097969526
id_54qfk101o1,18.449733048323363
id_vox6mwiloh,18.486796300487626
id_u1xceey131,18.48685386069945
id_dxpgh1o1t3,18.431373556866138
id_2ujws46vir,18.35272856742801
id_2n7hyhtkrb,18.413583390288952
id_4779bmeme0,18.395350661322937
id_b3eztfwajg,18.39527744168896
id_f33f3mdfla,18.39537864954523
id_xkpq6na5ee,18.402365902907224
id_3ihace1d7c,18.402386426730917
id_z6wylocn17,18.400306949344046
id_pm68i3c3wd,18.400223528331722
id_trjqjao4jd,18.400224006623457
id_1w15d7g4ge,18.40038284476185
id_3aici5cdi6,18.417364456737353
id_kbloxrog5z,18.42548198445358
id_ovmpiycff0,18.438656077342337
id_ly3xdcti5t,18.40979037756111
id_qb0ptrppyi,18.4096114261909
id_wxb5nd3qgd,18.397077649440845
id_1ry1ir7o6d,18.422621077905088
id_6wbo7y25e7,18.392029443042947
id_tse3bpfaes,18.39205270738132
id_9n988uuhtq,18.396370547953154
id_nzhdqdkc5b,18.441779370450206
id_4gabr5bciq,18.441841880686912
id_dc61oe5crn,18.38135990209097
id_7lbdu1bryj,18.358445458791277
id_mhqk3070i7,18.397829153059963
id_thtyylis4v,18.424038483223868
id_5iiheoohcw,18.456397568402746
id_vjiqa7ykcq,18.429472741669056
id_638vs5aq61,18.42948908302772
id_6cjnt5825x,18.42951373018775
id_534km866kg,18.429660769500845
id_fzkvzetszz,18.465341699506325
id_uwuc9e0lop,18.430590614285485
id_ncfz0o03wc,18.430477813231526
id_1sd88o70w0,18.36822543857252
id_9q3xoxtkc5,18.368375920672314
id_9xf47hwalo,18.356332610309668
id_c9e6k7t8xv,18.40217593130789
id_60hy4zghxo,18.415007467242145
id_vcj2pr28k2,18.415046864939786
id_nik15zq29r,18.415350864871918
id_gbsfx2i90n,18.415406241332214
id_sm9wfzdrfb,18.41539347762333
id_wa0hhql9xd,18.338287945945968
id_xyicbz69wn,18.338430889355713
id_fzfp1gfiyc,18.398379499532624
id_6jd6rh3joo,18.39836775783524
id_hohuu1719a,18.409491844207203
id_45rgo61j3e,18.32102893684125
id_x29n2ig0by,18.312191750262073
id_6pqpt4bc2y,18.3121976633744
id_kix768jdnh,18.312105085569172
id_p4u0awuwyi,18.295330064467898
id_5pkc8dc3pp,18.295503920512388
id_o8g3g3fyi1,18.3699779302693
id_gwi1towzf6,18.369987508622525
id_tl446ky5so,18.344632716145856
id_fv0k1xke9b,18.332658656949324
id_17qgwq8hor,18.43800199694056
id_h169vb8h8d,18.4027424112448
id_vuv2g91m7z,18.402943515248882
id_o62drksqmp,18.332161006860204
id_uvitqz5bhf,18.331903111920386
id_x1v4xuet0h,18.331920518450723
id_jr4seoen2w,18.331940317791574
id_q1efjaqgq0,18.33199753144826
id_ji3o8np61b,18.404743392396785
id_vp8mci8xh0,18.333784465785484
id_x5f7i7wjcu,18.417469761750798
id_eej779rshs,18.41745312744994
id_l9g1xrh5vp,18.41747213313907
id_9qz231bbzd,18.430666810829408
id_3jf3q7rnyi,18.430572511230075
id_y2oiminmvu,18.39689279952163
id_kj1d4jsmhg,18.31655999776402
id_b9dbh7l628,18.347628506387053
id_qkxd74j593,18.347686653103622
id_f9aer27ojz,18.347706444835705
id_v6ovtq73uh,18.347477742516222
id_dha8u73072,18.347495960082327
id_5cdrvce6lw,18.41541365676378
id_05y9wpsdwc,18.415548574806493
id_ty03p4f7jh,18.474124437252495
id_4rxcuqqsqp,18.401952246046847
id_x8pk6xpjba,18.40196336859067
id_rjgh33lh9s,18.402027528828146
id_07eag0levd,18.40204554622816
id_vxesong654,18.41609429554422
id_14j7bt588k,18.3545960147403
id_16wvcdazgi,18.32363637566079
id_iq6jofmcl3,18.29749019050861
id_tdu0u91xwk,18.321947218532518
id_62jccue0vl,18.321962803684794
id_3sef84eg2u,18.32198433214788
id_w0f6u87fds,18.32173205365709
id_jwcwkcbb4n,18.40050867419354
id_sipbb762jx,18.40040928713752
id_pw524o2hj4,18.40043912431885
id_qlj4brmgs2,18.413338436381522
id_6fw4q0j9so,18.417957441986648
id_squdps1yn8,18.417997558119968
id_92ijbpy5c7,18.418068059764277
id_5mdgs1tb11,18.43906513434742
id_pq77lq5wej,18.439077829057688
id_46mfsuetx3,18.439089859212526
id_l66xs53vq0,18.439178985715074
id_edk0v1a8wn,18.439158629859637
id_nztzaid365,18.43904352581548
id_1k9uqfcnfq,18.39482779209841
id_5rcti4kobf,18.394964273561715
id_al1l3ahw7b,18.394974300630018
id_3f3rzgujod,18.37368517835661
id_fr4pynhbb8,18.332961528348964
id_rnuqsg891b,18.332888919744626
id_3qw0q1r8qa,18.33282345774555
id_o84bqle0x6,18.332924304735126
id_han5yb04s9,18.332822230894383
id_n7pgevpqei,18.443155097651385
id_j0aw1xyk9t,18.443221038781388
id_xpcbsjawvs,18.443161146260607
id_y8vz7smn74,18.435944044538612
id_xtbriixm7z,18.43578782023524
id_l47atvid60,18.435777439078933
id_gqpbs3ql9v,18.434777207578094
id_mohvibrck6,18.35626494059935
id_m2e2vhsgc5,18.356195828485696
id_6q2dw9x7y4,18.356211988554506
id_r8hora5q1m,18.352537864336533
id_chvslqlmkj,18.397555615847846
id_z8b1es3pzh,18.41150258387783
id_crc6ejtto8,18.446897533505112
id_4hw7jthh0g,18.447051921136442
id_rtp2qosss7,18.366124253279143
id_2keurz29m5,18.366118690847305
id_5f0tzdcdu0,18.365865616115293
id_6g5cbmuktq,18.36591182573469
id_njm4qcclts,18.365928140670434
id_t8gjwi01yc,18.36595245484828
id_dfcidlgn6x,18.36609469886036
id_f7whsdcam5,18.45624561905554
id_hga8rjdes3,18.399411568750043
id_32z89yhhic,18.399256316788374
id_pza69wztdl,18.438335872014108
id_ndfihwmpp8,18.399019016747566
id_v6uj9ttsd9,18.416064396043918
id_qi267vxsvl,18.416146513211203
id_oezislbogz,18.4206136800355
id_yzmptlwk5v,18.420589636979745
id_1wgvveqkxt,18.42071833957807
id_hyunf795m9,18.420746513600978
id_9vmusmwa1w,18.39938233266347
id_7set4vt1jc,18.399370077350724
id_xsuqw4qhef,18.410269549098498
id_5rb2kj08fr,18.321074068591546
id_hub405wg5o,18.32105198804909
id_1dl4uombn1,18.32099277226403
id_0m5pjvhhts,18.372824600337644
id_vlpyl2jer5,18.458929525054977
id_5qffgu5u3n,18.458924409081057
id_j988bph6z4,18.459104871336866
id_ws4odrtze8,18.314129711504805
id_ohyxbff88h,18.4618264408553
id_dz40i4pbqo,18.46182139663872
id_kfb0js1w3k,18.461828856810186
id_z6dnfzl23b,18.314056085363553
id_wh6a14b72u,18.462208331582293
id_2gcokul8h5,18.462533120883908
id_ju5045k8te,18.462357002628778
id_lx8g1rejy7,18.31294360286324
id_1ccceino2g,18.411117264516964
id_pkszxukfw8,18.411062313807108
id_irjroluzw5,18.41097833937389
id_41oiry183k,18.413949710313776
id_cfcgnt1ghb,18.404852732037373
id_sjd7rg1oll,18.404854825938454
id_364xgx2f9d,18.42803885846871
id_fy2bmhco3s,18.428080396245555
id_axh2ddc911,18.4655996309407
id_29vkc8fnf2,18.466035885287504
id_4ohuy386ux,18.465806796811133
id_ny7vfafssc,18.30859077984427
id_f67k2oy6ky,18.456466920326434
id_cphmkwhhm1,18.4564615731677
id_jhqjrinix0,18.456232562908138
id_n5se9alz2t,18.300195646629806
id_wtahd5vwwm,18.450255576450495
id_07q159o6c5,18.450250498887485
id_zuwn8cdmpg,18.450257910565245
id_h18pxnwgaz,18.30010368568497
id_jkeoakg1zs,18.442251708276537
id_jvc6j31d7r,18.442169517999666
id_tp5jxexuje,18.449585634482407
id_dkv9vzan2j,18.440497972558664
id_21jsagai52,18.440509591523863
id_5j5wrd0r76,18.46369049470372
id_hafhcdf5fe,18.46370989283858
id_ng9duxlksi,18.46394013469152
id_xdcw1447i6,18.456239163357523
id_c530clrtlp,18.45658617969447
id_7bmurid7pw,18.456356950609234
id_z2s38nz9hk,18.30044897705469
id_c9cycuvetl,18.456430425179313
id_8xu1ardxni,18.456425348147338
id_aumy97t1iu,18.456228256033604
id_cv1dq53hzh,18.300189097360164
